id,mark,model,vin,mileage,color
1,Volkswagen,Touareg,Y02XO74A1DPAT48GF,59166,Yellow
2,Hyundai,Santa Fe,MX7F5K4XUW8RTBL8B,198536,Silver
3,Toyota,RAV4,DDDK0ZYS0DZHKDX2W,89298,Silver
4,Lexus,ES,QPEFSJL3LL2BL9W3I,91946,Red
5,Audi,A6,HTZQB1968NIAPCVBR,35062,Yellow
6,BMW,5 Series,MKVVIJ23VQ7DGSBH4,260611,Blue
7,Hyundai,Elantra,2KA7FV08YAWTPE7PK,246445,Blue
8,Toyota,Prius,9EO1LC3KR0KHAJ20P,263041,White
9,Ford,F-150,VC59UIL3HRIOZ7209,272822,Green
10,Mercedes,GLE,UWE65P28DZIBRT703,10889,White
11,BMW,X3,XWO9LAMGNW28LA7KM,5714,Green
12,Kia,Optima,HH8GTKVZB1W4M0CBI,16972,Red
13,Toyota,Corolla,BDRFAZ1YVETFWBOT2,193625,Red
14,Lexus,NX,Z0BEL8WD1E8L1ICA2,202808,Silver
15,Lexus,RX,I6BF0QR9E7S6X8BX0,62669,Black
16,Volkswagen,Golf,LYSM61TZHUSPN1FKO,200406,Yellow
17,Lexus,RX,53LPY4732QFUVRP6V,246360,Yellow
18,Honda,Fit,N4P0OCL21QNR54X8L,249153,Green
19,Ford,Mustang,CSKSNFVBER875XQZ4,282013,Green
20,BMW,5 Series,KRKJXT9TMDYYYVLAB,297348,Silver
21,Audi,A6,XLO62EC5YYE9TUIES,182778,Silver
22,Lexus,LS,EWJFMS0OODBNDUE30,254200,Green
23,Audi,A3,WCK3ZBPL0KBERT1L3,231783,Red
24,Audi,A6,SOB3WSRHW3A5X7UAL,22909,Black
25,Audi,A3,WPC49K0ND92KPYW1Q,160926,Blue
26,Hyundai,Creta,1662BUY1YSCV5XDKB,124600,Blue
27,Mercedes,S-Class,S5IKP2QYE75XBUIZO,79304,Black
28,Kia,Sorento,MX62LL3VTNJYFJAKK,160800,Silver
29,Kia,Cerato,O9SEB7E1057SW37YT,264558,Black
30,Kia,Sorento,E15T1IWCZ1KE83XSF,68490,Silver
31,Ford,F-150,FCGIBS74ZI096WANW,110644,White
32,Volkswagen,Passat,AYE6MKAL32HD5B8IE,100301,Yellow
33,Honda,Pilot,XS4F63BF0RKZR0ERM,272999,Blue
34,Hyundai,Elantra,2QKL69MX36QNKKN2X,144113,Silver
35,Volkswagen,Passat,FH2EKK7U1QDIWAFPL,32419,Gray
36,BMW,7 Series,QVYUT6YNQEX74I5WM,108751,Red
37,Audi,A4,L8395JOJ5I9OQG0VU,250374,Gray
38,Hyundai,Tucson,4W2Y8GDLI2F899072,265495,White
39,Kia,Sorento,HI16F45DA5QL7KMIR,229986,Red
40,BMW,5 Series,ORV7S1C29UGKO29JG,68887,Red
41,Ford,Focus,5RZLGSRH8IUIMRLR5,161623,White
42,Honda,Pilot,X6MATOWON289CFIT5,285330,Silver
43,Kia,Rio,XB49PYZJQHBUTW693,134632,Gray
44,Audi,Q7,1PL2INP9IEJCISMD9,226444,Red
45,Hyundai,Santa Fe,G0L0CGR6FGGH87I75,147708,Blue
46,Hyundai,Creta,HJRXZTJ9TD3D1NFQY,274097,Green
47,Audi,Q7,AXP1KSVGK4DX7DUJZ,154240,Green
48,BMW,5 Series,4R9Q76S1E987FAEJE,51107,Gray
49,Toyota,Corolla,MBLYZ7Z28RY2ZQSB2,162205,Green
50,Toyota,Camry,TY8FKPEFF0UVGSLZQ,297233,Silver
51,Mercedes,C-Class,AQ6S1DNQ32YEY4ACJ,29388,Silver
52,Audi,Q5,T7CIGVP09YW0CX4XV,26309,Blue
53,BMW,7 Series,QGD2D0O24CPYMY4F8,123506,Green
54,Hyundai,Tucson,CDS3AJAF68C3VIX6M,206715,Yellow
55,Hyundai,Tucson,K0IVRDPP7NE57F9NJ,240353,Black
56,Lexus,RX,6AY9ES6UWNZ3YYELZ,283929,Blue
57,Toyota,RAV4,QHATREFH58GN9PTMR,161800,Silver
58,Audi,Q5,R3SIZPCEIMTS4NX8O,143908,Yellow
59,Ford,Explorer,986WCSOJ9KSUAYRAY,257770,Blue
60,Hyundai,Creta,DNBU21VRMT2645K1Y,213675,White
61,Honda,Civic,HKSQ19O8OGSQEPIIV,39851,Red
62,Kia,Cerato,FQH0NSMIC605XULMZ,5846,Green
63,Lexus,LS,WVFPCU4BWHTX528XB,178141,White
64,Audi,Q5,252RDB2045MY5PXNS,76097,Black
65,Honda,Pilot,EXQKECXYR291PDD83,177708,White
66,BMW,7 Series,LKY7WRPNC160OXAS1,228777,Yellow
67,Ford,Mustang,XAAJAY1QBVE3MTR87,294171,Yellow
68,Mercedes,GLC,DYWM8RWXWO36JBWPZ,97854,Black
69,Honda,Civic,Q2GOF9QQB937P3TU4,181718,Black
70,Volkswagen,Passat,8W2BIYIIUN35IBOCN,133748,Green
71,BMW,7 Series,I1P3Q2CIWX0JKTJ25,157994,White
72,Hyundai,Santa Fe,O77NAJYT5N6HXU5OJ,265799,Yellow
73,Audi,Q5,9PO4VMFLK667DTA6G,46083,Green
74,Volkswagen,Golf,MOE27411O8OS15P39,85005,Black
75,Mercedes,GLE,Y3KPJGB9DNZ5TG1ME,199288,Green
76,Ford,Explorer,1DWPXSO36QSHD39S5,254709,Blue
77,Ford,Focus,UD2RMMD5HLBKIYRTP,112610,Black
78,Lexus,LS,I6EAC8A34GF21VWSM,190332,Silver
79,Hyundai,Elantra,03IZ6OQM150WRGSK1,237331,Silver
80,Mercedes,G-Class,XGDN869OMJWY7QDDU,242526,Red
81,BMW,5 Series,QRI5PK27A8BLV7U31,37822,Red
82,Hyundai,Tucson,0GWSGYVFN4UEN3DFW,27004,Gray
83,Hyundai,Solaris,OW2250ADG0E7FI3X6,35992,Yellow
84,Honda,Accord,PS3R9JXP18ZIVIZN9,126526,Blue
85,Lexus,GX,7E994UNVM65BPNX3S,8040,Yellow
86,Mercedes,GLE,AJCWYLSN22YK14LLS,85582,Red
87,BMW,X3,XDT3XO0EBH9JP9MYU,156846,Silver
88,Kia,Sorento,TAO3Q8Y8AW48EUVZ8,14126,Gray
89,Kia,Sportage,ZLA3YIWA2UJINS015,47869,Black
90,Ford,Explorer,6E1K0OCLHUUE3T5FS,217056,Green
91,Kia,Sportage,L9DCL4VXQJKGA5W5E,47221,Yellow
92,BMW,X3,KYBCYVH5KFV3DDDCQ,256902,Yellow
93,Ford,F-150,AED461XMKQIEKUWSS,219837,Gray
94,Volkswagen,Polo,P6OM7TIDBBRG4P37O,114018,Gray
95,Hyundai,Solaris,4S55EV6XMSXL1O1TU,80576,Blue
96,Kia,Cerato,ELBHA3VU12TKPC6VQ,58837,Gray
97,Ford,Fiesta,P54LQAMXLJ15PK1E1,118361,Green
98,Audi,A4,0LU88Y6MWX7Q2MQEO,83837,Red
99,Lexus,RX,TUOE0VX8AL6H0INGV,24295,White
100,Lexus,NX,3L2HJZF580KLGLI9D,26975,Black
101,Honda,Pilot,5B4B0YZVRBZSAF8YR,284942,Yellow
102,Honda,Accord,2AG9O9U8KF2ZKTAGP,262589,Blue
103,Audi,A4,ROPM9D9QN2WLK3UYC,79407,Silver
104,Kia,Sportage,OCXDXUTF5NUJJVM64,126459,White
105,BMW,X5,I1YEXLL8IH25MYX79,209345,Gray
106,Ford,Explorer,6VYYVEQS6VYJUZ659,112681,Yellow
107,Hyundai,Solaris,QFPEYUKSCNRAL89UU,112476,Silver
108,BMW,5 Series,J8L2BUCZZ058I670E,280957,Blue
109,Audi,Q5,JAXTK571MNHW7NTNB,278715,Gray
110,Mercedes,GLE,QPZM0DE5NAIOM8A06,45607,Black
111,Toyota,Prius,QHLBSWIZ6BB7MLBAE,93217,Black
112,Ford,Focus,ZNTI2V0XN3DFXG09S,124222,Gray
113,Mercedes,G-Class,AOY0SH1LPG6RY9HAT,116202,Black
114,Kia,Cerato,0O75WCWYHKT9XJ2BU,278437,Blue
115,BMW,5 Series,EUALB5AHDM2T2CQ19,113618,White
116,Hyundai,Tucson,XUN7RBW0W7IGPQ7CV,222416,Green
117,Honda,Civic,RRSY7M0ZCNK82ZP7K,6235,Red
118,BMW,3 Series,C2RLP8RIWJA7A0ZHL,49676,Silver
119,Toyota,Land Cruiser,SHTSHBFE3E1BV5FUQ,206264,Red
120,Toyota,RAV4,MN72X05KFT4UVWGMU,282076,Gray
121,Audi,Q7,JLDOJMBFWG24RFJPC,237311,Green
122,BMW,7 Series,PHNQS32P79LJ38FNW,214364,Red
123,Audi,A4,OYBNI2NBPEHMMIQH0,151043,Yellow
124,Hyundai,Elantra,9CN5CG2DKP8A5OLY5,70930,White
125,Audi,Q7,Y1VNKWCDIBHO9SCMX,92580,Gray
126,Audi,Q5,IRLW8W73L0PREI867,257096,Silver
127,Honda,Civic,1NRZ74WVTU8ASJNF3,246633,Green
128,Ford,Fiesta,38NA4TR0LEFJY10OE,26308,Gray
129,Volkswagen,Tiguan,L9ZH21D5FASIZRIKN,7916,Blue
130,Audi,A3,RM7249HSLW8UOTD6F,134441,Gray
131,Honda,Pilot,JKET69XAVK2UAA8R8,33090,Silver
132,BMW,3 Series,D5KBVJQDEW73BEBIQ,220968,White
133,Volkswagen,Polo,AQTGTCBQAZ4V2DGH0,251843,Silver
134,Lexus,ES,IOG7RLV32VTAGU821,72590,Black
135,Honda,Civic,0HIC0RN91IFGOLXF6,54758,Gray
136,Hyundai,Tucson,IXAFL93O80UA3DW5Q,109478,Blue
137,Honda,Civic,3001M5WUOO8INNEGT,77178,Black
138,Kia,Sorento,A3B05HLTZBVNCMBBK,56637,Blue
139,Honda,Fit,5I7E8WESRIQLTD1JC,279113,White
140,Volkswagen,Polo,M4AA4GBHZB6LWFRNA,234092,Blue
141,Ford,Mustang,3GE240WU2C8VO1Q0Q,39926,Blue
142,Lexus,GX,BCJJQ9R4FZ8D7137E,158814,Green
143,Audi,Q7,AB0FXGTL68YJTUPDC,49171,Blue
144,Audi,Q7,CZ5UKF3935SCU36L9,294461,Green
145,Kia,Sorento,6RJW9W9B9YFBDDK6J,97728,Blue
146,Mercedes,E-Class,T6Z77R679848UHB7P,57830,Blue
147,Lexus,NX,8ETTZS0XHEWDMN1MO,105007,White
148,Hyundai,Creta,EPGO9IN2O676GFMDC,66938,Silver
149,Honda,Civic,ZAP0IYF7FUK572TLT,19169,Black
150,Toyota,RAV4,Q889B21YBFNW8ZOW9,123457,Red
151,Honda,Fit,UNKKGUSWYNVNGZW99,68964,Red
152,Honda,Pilot,L7TGMHXT8PZES4GGU,91403,Red
153,Volkswagen,Passat,CHNY271WV2BPX3G9U,98075,Green
154,Toyota,Camry,6IM1URJ2UFR7CPBO1,280037,Green
155,Honda,CR-V,EKQTPV9TCQZRK8ZU0,220387,Yellow
156,Honda,Civic,9Q3MT8K6JYYVBD1KM,52765,Gray
157,Toyota,Land Cruiser,FKIAQ1TCQHNLBTL3T,31878,Silver
158,Lexus,LS,AA70VWKDIEVM5XXQG,222134,Blue
159,Audi,A3,2DTWV9TQ0LM07LTBY,105593,Green
160,BMW,X3,LBUHPY3UZ4Q32KAIB,135216,Blue
161,Lexus,GX,6WE734X5EDESGUCV0,299302,Silver
162,Hyundai,Tucson,GL03E8OB0EQ9GZ7BV,246064,Blue
163,Hyundai,Creta,PMNPTV8NNAK26XTO6,84004,Black
164,Honda,Fit,EDSPRW2YFEW3DOWB3,122774,Red
165,BMW,X5,9A2N7YON6G2RC46QL,69826,Gray
166,Audi,A4,UJQSV6JOZVO1SZCFT,294932,Gray
167,Kia,Sportage,EXZTEVGQYX0G7EC8F,133640,Silver
168,Honda,Accord,6EGD4UK9JG48C19AW,148396,Blue
169,Kia,Sportage,PYESYF2SDN8NX23RK,91203,Green
170,Hyundai,Santa Fe,06NT70ODYRMWX5JR7,23635,White
171,Hyundai,Creta,WJD3EJ4Z1VWAI20TN,138685,Silver
172,Honda,Pilot,LZ1R4GSZ234LAI2F5,227393,Yellow
173,Toyota,RAV4,1BD7FVH0THL4P6KFA,193479,Black
174,Lexus,ES,M0CUIGCJD7MV2Q9JW,257250,Silver
175,Toyota,Corolla,HIWJLGD5Y5OSLX6AL,270829,Black
176,Ford,Focus,9GC9XYEN6ZXBCXAKH,237770,Green
177,Audi,A6,RN0AO10RHXFWV6531,274359,White
178,Audi,Q5,MOZ83PIU39027TUK4,51486,Silver
179,Audi,A3,4X8X1RXF0HS360X1O,33821,Silver
180,Honda,Fit,46TA2655CY6XSOEOH,267845,Yellow
181,Toyota,Camry,KECDHYYQYSP8P7K8E,188349,Yellow
182,Audi,Q7,7X7W9SJN6X2PPMLMS,231012,Green
183,Hyundai,Creta,66BY4IG5UNLUZM6WX,196180,Silver
184,Hyundai,Elantra,3JMD1JTCIZCS9SEJD,223665,Yellow
185,Volkswagen,Passat,FI2C3QUC2VR6URPV9,157923,Red
186,Kia,Optima,S96YO0W8BAUUVXCN5,222455,Red
187,BMW,X3,VXFEX2A8BZRR1YL4Q,73873,Red
188,BMW,X5,LQNFT8XCN7A9SEE0F,46559,Black
189,BMW,7 Series,T3W0IDXPGGXNMI1AN,4291,Blue
190,Ford,Fiesta,O305JH98NLSHELOOI,187574,White
191,Hyundai,Santa Fe,4BH332WFJPDFJR0VD,45437,Red
192,BMW,X5,99A2V9NORWVAWZJMI,267345,Green
193,Honda,Accord,HG3AFSUQVM5JBIVD5,13258,Gray
194,Toyota,Prius,28IVE25UQSNBD9719,36597,Silver
195,Honda,Accord,O9840GM66ZO68WJY0,4866,Blue
196,Mercedes,C-Class,IPB2DTJ9XG2YP514B,69675,Red
197,Toyota,Camry,C5L521PQAVFS1FGK0,115873,Black
198,Honda,Pilot,TMLSKP5HUP8OU9M7M,198722,Gray
199,Kia,Optima,BXWPIQG1VVIAB4TZW,279454,Black
200,Toyota,Camry,1XF4ZZERRZRA12MAP,138956,Blue
201,Ford,F-150,BM38UVSX75X1YJD8F,84362,Gray
202,Volkswagen,Golf,42REKDLIMC05VJP1D,279518,Gray
203,Kia,Rio,W0ZYOIH0H5OWYZX02,184863,Gray
204,Lexus,RX,YD11T2MJQ6O4UFG9V,214652,Blue
205,BMW,X5,IXSDKUEJP2F2MVAKK,77201,Gray
206,Mercedes,GLE,1RNPM0AES4VZOF0RJ,92293,Gray
207,Hyundai,Tucson,01KCQ1J0Y6X9V62HS,164526,Red
208,Hyundai,Santa Fe,93B5G8QVWDCWNK096,38659,Blue
209,Hyundai,Creta,8TGV1E485P0WNDFT4,85954,Red
210,Mercedes,G-Class,9FPW678CQQ7JFO208,286974,Blue
211,Kia,Sportage,Z708O48TCLZCP00VG,210704,Gray
212,Kia,Optima,NKGNVWAWJJMS5XEIQ,83039,Blue
213,Kia,Sportage,UJ8CBYHL5V4GO7OXL,187255,Green
214,Mercedes,S-Class,QCQ2UZ9FECTOYQZTW,238750,Blue
215,Kia,Sorento,K06F1CZXDTB8ZL8CZ,57023,White
216,Ford,Fiesta,R59OMUY920YQDJMBM,214389,Red
217,Lexus,ES,U799FB82I0MHDWHPK,111687,Red
218,Honda,CR-V,XHQJE3EWHJPSRFGPB,114245,Red
219,Mercedes,G-Class,D5PDWQURV2IBNFKEP,17714,Green
220,Lexus,LS,CCBX6FEDOZOWJX5JN,227656,Red
221,Mercedes,E-Class,SSI9VQUXAVNOW2BJC,123609,Yellow
222,Volkswagen,Passat,9CPN54UPL5VVU61NW,174285,Green
223,Volkswagen,Passat,ORKX4JWSUBWYXA9I4,152635,White
224,Volkswagen,Touareg,BHPAKTVVHEVGJVJD3,116089,Blue
225,BMW,3 Series,35E259YC92IN6GXSS,146554,Red
226,BMW,7 Series,BIALRHPMUIJUZ8C3A,80589,Yellow
227,Toyota,Camry,CMQI3EOJ00944M1YW,59164,Red
228,Audi,A4,465A3OYOOLSHMJZ29,117766,Blue
229,Mercedes,C-Class,5Y82U6JPXPDMHUS43,178772,Yellow
230,Lexus,NX,5TOKE4NKONEVJVLWO,68542,Blue
231,Volkswagen,Passat,NWY86A8R1KZE701OA,284313,Blue
232,Honda,Pilot,TUTV88746GS7OFGVY,261302,Black
233,Volkswagen,Passat,5IKWQDDPJDP9Z1LQQ,212561,White
234,Audi,A6,ZDXPO36UACL9FR7FN,30357,Yellow
235,Hyundai,Elantra,DV788BFFY2OD6A6TG,84462,Gray
236,Audi,A4,VENJNUUX4DDGC5J3G,18115,Green
237,Honda,Fit,CRT13240KRMFEQF4W,277553,White
238,Audi,A4,8336AH3H16725UH1V,200217,White
239,Audi,Q7,CCM3BDVY9QSXC93HT,89272,Red
240,BMW,X3,HUSNIEPORFZPWEMZS,7019,White
241,Honda,Pilot,GFURDOIXHJSM1SQE4,25707,Silver
242,Audi,Q5,UACSCJCW1ISBVBA1H,225073,Blue
243,Audi,A4,4QC0IZEJU3TIJ0G8R,72124,Red
244,Toyota,RAV4,W79WTIR3AW9H6HCXM,75211,Blue
245,Lexus,NX,0CCGV65070EII2LQ6,199481,Silver
246,Mercedes,GLE,THYEU9D4ZM88PYSRM,222621,Gray
247,Lexus,LS,D821DA6HERCR4MTQY,155367,Black
248,Kia,Rio,JZCGOEKENCHXJXZEG,42235,Yellow
249,Toyota,Land Cruiser,Q6GZYD8C8VXCU4HOY,263441,White
250,Ford,Mustang,QQ9NOZIITYBI9870Z,252846,Blue
251,Toyota,Corolla,VGSCTY5LSAMEBQUIS,213323,Green
252,Lexus,NX,1Y3057HECJ5CSS0UM,71182,Silver
253,Honda,Civic,5IA8VA7TFA5W04O08,291879,Yellow
254,Mercedes,GLC,W7PYXCRGYWKK5NDLX,13868,Silver
255,Kia,Rio,05E5WXI7BWQBD40BP,185046,White
256,Honda,Civic,0SBWJAEBMFPPLPK8K,212649,Silver
257,Audi,Q7,LZUZ3XTA2RCF9MP7B,27077,Green
258,BMW,3 Series,NX4AU3IL6IPUWOI19,258672,White
259,Volkswagen,Touareg,LPI8YOQGCN2IR7DKF,8160,Blue
260,Kia,Sorento,38H330VUSP50C49BY,148610,Red
261,Mercedes,GLC,WH4L4FB6VEC8F2GGN,43050,Gray
262,Ford,Explorer,LVCMYGEXFY6A4OOZI,69294,Red
263,Mercedes,G-Class,58ZU9LCJULHC5ZM1A,73854,Yellow
264,Honda,CR-V,PTTRMAFCDEYQ0TJ6O,219380,Silver
265,Kia,Sportage,TZ3231TIFKI94H6YS,157148,Red
266,Honda,Accord,2IP6ABPRPPUSHBT30,159919,Green
267,Mercedes,C-Class,7FOYBG6C3QSWFXBHM,39520,Yellow
268,Honda,CR-V,3LRVBMMLGQQF9IBX0,87582,Yellow
269,Audi,Q5,NPMHUYCOZ2Q0XVRWI,293876,Black
270,Honda,Pilot,DGT3V9EINONRCU4NF,297669,Gray
271,Mercedes,S-Class,U6LU64CC3PMZKLHQ7,242172,Gray
272,Hyundai,Santa Fe,5DJI1GYRACZC8EJAG,13204,Green
273,Mercedes,C-Class,QJE9IG2395RIC63F2,154955,Black
274,Volkswagen,Tiguan,FLXGSW8I0DX3DNN5N,227859,Silver
275,Audi,A4,UTSC02GBSTXT6SB98,185966,White
276,Honda,Fit,4BT3CCAQ46ME15LHI,180910,Blue
277,Mercedes,C-Class,ZOAZ2G3N6RCSMUW8W,247716,Blue
278,Honda,CR-V,DHSCURLETDIRC5NA0,186062,Yellow
279,Lexus,GX,P3LVY393VHCR634ME,6242,White
280,Lexus,RX,T7N59C3KS4TA6YW7C,32040,Green
281,Honda,Pilot,OZHKILTUWSZ67FSSW,145313,Yellow
282,Hyundai,Elantra,WU85HEVS8YMQCLKM9,123477,Red
283,Honda,Civic,Z5MKDGWOOP0ZBCHMB,273201,Gray
284,Lexus,NX,KGN9FSYMTRAMXAM9S,238290,Green
285,Kia,Sorento,RF28NMBU3BLFK75H6,299331,Green
286,Hyundai,Elantra,ND4MV7P9ZTMFTBM2Y,219319,Yellow
287,Audi,A6,HF6ECSEWZDLK3VVLT,83014,Yellow
288,Hyundai,Creta,L4CZGP0CT6OGBOS8K,114709,Black
289,Toyota,Corolla,AEZMGLE3J9D5M5VNJ,196442,Red
290,Toyota,Camry,DN8XRFKV8MJ5ZKYMJ,286947,Black
291,Ford,Explorer,7D31LR3Y06C1XDY66,253131,Red
292,Hyundai,Santa Fe,W968WQTFO2O7SM8B7,226599,Yellow
293,Lexus,NX,4IWIIRNJWOT6T2RS2,262897,White
294,Hyundai,Santa Fe,SHACGXCAVCIA9RC11,112410,Black
295,Kia,Optima,T9HY09C201BE8DSZY,145940,Silver
296,Volkswagen,Passat,FLESHH5ELLT8Q5GD7,219021,Silver
297,BMW,7 Series,H6DMGMB8P8PILEICL,103287,Blue
298,Toyota,Prius,34Z7456XB3GKP29OP,103113,White
299,Ford,Fiesta,78FKKSBPOZBLFCYYK,140601,Green
300,Hyundai,Santa Fe,1OQU808635AGZAVWK,68111,Blue
301,Honda,Pilot,6RQERM8NQK0DRB9B2,132726,Yellow
302,Audi,A6,8PAH8BI5C53MPWHXQ,131900,Black
303,Ford,Explorer,CSNXMNUNBOBEZS1J7,239899,Red
304,BMW,3 Series,9D8ZSWE09ZEE4W99R,127341,Black
305,Honda,Accord,D6BYBQ9F1PIGICU3M,214058,Gray
306,Honda,CR-V,GCKF08RT47CNWR8Q5,142523,White
307,Lexus,NX,V9MPHK7MN7K1DJJT9,13152,Red
308,Audi,A4,1IY1EOLMGFJW9G8ZL,259943,Black
309,Mercedes,GLC,07L1MFW01FJ6VYV2B,56112,Gray
310,Kia,Rio,BITVI2G6OU9EGTCQA,167269,Silver
311,Volkswagen,Tiguan,79K38708WIA3P8CXC,11505,White
312,Kia,Cerato,4FP61ZIOWM6R50ATR,89537,Black
313,Volkswagen,Passat,MSHP5HWXB5U12Z60N,61758,Green
314,Toyota,Prius,X655FMXLCHWJ6XG5J,267648,Blue
315,Ford,F-150,XMK6KOBKSFDQT51YY,286659,Blue
316,Hyundai,Elantra,X15XAZ5QZ2QDPDTXF,162964,White
317,Audi,A4,KQW23N6D44JLLFIBU,250082,Green
318,Toyota,Land Cruiser,SXKZR1K81GNI8A02G,276238,Green
319,Honda,CR-V,1XPKORRX72GIWAYQD,289946,Gray
320,Lexus,LS,SWK0B83KR0EOR7E8G,222821,Blue
321,Honda,Accord,IC9RDAGX2PXCDPBNA,95859,Yellow
322,Hyundai,Creta,A64N5TDEFTFWATXCF,8014,White
323,Volkswagen,Touareg,BAHS5MBFJN2ONVXPK,158364,Gray
324,Audi,A4,W4DZUE46ONLQKS47S,45034,Gray
325,Toyota,Prius,PLACDM52KFEMB8F8E,234884,Silver
326,Hyundai,Solaris,RS9Z6SKGMEE5VQCQW,27520,Silver
327,Hyundai,Creta,63QQQ8MQI8VXMM9G4,191000,Green
328,Honda,Civic,DJ61LC2DUJA34C2GD,258601,Silver
329,Hyundai,Elantra,QKWSU35RKC7DO6OI8,1474,Gray
330,Volkswagen,Touareg,H3KFX22DSZNO6F9Z0,132287,Green
331,Volkswagen,Golf,O38J51PJUV1P3ORM5,290246,Black
332,Mercedes,GLC,KYED7IV3Y1MX90PIW,223979,Silver
333,Ford,Explorer,6SLADTYRCRB3LDQ7V,207587,Green
334,Honda,Accord,KOQG2Y4GPBYQIHVL4,266879,White
335,Honda,CR-V,NCC74FBMIUKWTL9BK,140699,Black
336,Mercedes,GLC,0JK3BGR46FZ7BYSHP,150724,White
337,Audi,A4,1J2B4PZMV89FILGBY,163497,Blue
338,Audi,A6,5YP4B2ALQ6ROHPHZ0,118959,Yellow
339,Lexus,LS,AHVHH0CIFSJFNIPRV,142837,Black
340,Toyota,Prius,NIF47GQ7RU9WIDC8R,231399,White
341,Kia,Cerato,VWICZ323WC46OV9S2,293048,Black
342,Mercedes,S-Class,RDLPZ2WVYW25W0P5P,199558,Yellow
343,Toyota,Prius,URF8DXADS6AXK3JOM,238164,Black
344,Ford,F-150,TYEQY1GW62IW8ERAP,171019,Blue
345,Honda,Civic,EUMUKIR8ZBCMIE084,280886,Gray
346,Honda,Fit,N2DN6VJ9QGI378YST,286141,Green
347,Ford,Explorer,08XADMH6GTAIQ5VZA,7537,Black
348,Hyundai,Elantra,GD7FHEB8UILX5DDTH,117095,Gray
349,Toyota,RAV4,E86FVY44PS17TDEOA,127725,Red
350,Lexus,RX,WFEBRDG6EI523KO1B,174628,Red
351,Kia,Sorento,YYBLQSO9MOHWCIAJ9,210217,Red
352,Lexus,RX,E9CWDB9NIAL7E8B2H,245685,White
353,Hyundai,Elantra,OOH6D8RG8U4WHP3I4,54018,Silver
354,Honda,Fit,YGXMMZ9QD17MY6A8H,86076,Green
355,BMW,3 Series,2FJITSY6Q6VU9118X,175408,Green
356,Audi,A6,DTLF87HG390TGJKA2,90109,Silver
357,Hyundai,Creta,QAYE9518TYGB9GOWN,267731,Black
358,Lexus,ES,BNWK2ER84P55YTIV3,74753,Yellow
359,Lexus,ES,ZB9TBE7MLDAGHSKDQ,233782,Silver
360,Ford,Focus,5METO1UPYQNQS1OHP,158692,Silver
361,Mercedes,S-Class,6D803CGR98S6I4GEK,50191,Black
362,Hyundai,Santa Fe,WSAL0AYC2LNDQPCTL,133975,Blue
363,Lexus,GX,4L582U1CKDNH03HWX,60236,Yellow
364,Mercedes,G-Class,R48BVCTDGUWIRQ4CO,203473,White
365,Hyundai,Elantra,7L5JZ0B3NFGQX0DD3,68584,Silver
366,Hyundai,Creta,0L11NSLVVXYIJ2P7W,283167,Gray
367,BMW,3 Series,KZJ6K9RCH12EJ4WKJ,200987,Blue
368,Ford,Explorer,72I25YBIKAW0BBF5G,197250,Green
369,Ford,Explorer,0WH0QWMD6DBZXB9DY,53572,Blue
370,Kia,Optima,A3IX8EAUKM0HA7ZSC,35739,Blue
371,Audi,Q7,N2MUJCUFPGG1YJNAT,1579,White
372,Honda,Fit,17RQCNJH6SN0W96XZ,296521,Silver
373,Kia,Optima,V8QYEG2QH1QN4VNWD,22552,Silver
374,Kia,Rio,C3EZH1CUH3QL5D8FH,72932,Black
375,Volkswagen,Touareg,E7J9UTCILQSC8J91D,144096,Red
376,BMW,3 Series,PP08IDK6BEG69VC8Q,249246,Red
377,Toyota,Prius,AU6NOR3Z90JX9LWAV,155665,White
378,Audi,Q5,YNZS61MPUSXEZPBGA,220842,Green
379,Audi,A3,0X37PWQVAC1E6P0EE,136577,White
380,Hyundai,Solaris,HUAVYV320ZUSOPN0I,173090,Yellow
381,Ford,Fiesta,SI9MJAME9GT1J7IJW,177912,Red
382,Ford,Fiesta,HNDUT7RYGAVH8VUG8,228334,White
383,Honda,Pilot,JB786JPITITJ9OI2Z,115051,Gray
384,Mercedes,E-Class,7LAU5247P20SBV0BE,126577,Gray
385,Audi,A3,O2ZUXLCNYOAY7LRB5,98460,Green
386,Mercedes,GLC,GOKOKTPSDCJCD15G1,174972,Silver
387,Kia,Optima,UHLBQEGZ16R8E3FZ9,293841,White
388,Hyundai,Tucson,WAT5QKAISUO21FQ34,96946,Silver
389,Mercedes,GLE,RSKKXKVV4438NGFFR,272753,Silver
390,Kia,Cerato,BURC02IFPAE2YX567,87494,Silver
391,BMW,7 Series,PKOXQH4NWRE1NXWST,264228,Red
392,Hyundai,Solaris,2JPZ8D6OU0TRQQZL9,39544,Yellow
393,BMW,7 Series,0KLF17OPS1LWI86QH,11950,Red
394,Lexus,RX,6ML0CGDO9Q6WWAHIG,265053,Blue
395,Honda,Civic,L8K5EZFT9CXQTZJSA,99426,Yellow
396,Audi,Q7,SI1IP0OBM437PFR73,21206,Blue
397,Kia,Optima,4632CDYVHB87TZFHD,170252,Red
398,Mercedes,E-Class,MCDQNPRES9OKCO9GF,225127,Green
399,Toyota,Land Cruiser,24LV6TRIQSFQXXWI4,266942,Black
400,Lexus,NX,2N63C2V7D8AF2IJE2,247898,Red
401,Volkswagen,Polo,0PTCK1J9K8W9DJMBK,270057,Black
402,Honda,Fit,7I7IY3PJADQ78DWHW,104485,White
403,Volkswagen,Touareg,K8SA2NZ7PX71EZOO3,157515,Yellow
404,Honda,Pilot,H2R4ZF342GZL5J8DC,111674,White
405,Honda,Civic,6LG481IO81ZN7MOWF,138280,Red
406,Lexus,RX,W8G4J3DW6L4231SN2,246161,Gray
407,Ford,Explorer,ZRIGKADZTX9GC9RN5,148393,Gray
408,Hyundai,Creta,BPDETTYBULMX3L2FJ,135059,White
409,Ford,Fiesta,PJI52D7R5JW43MY7J,271285,Gray
410,Ford,Explorer,8FQR15P0EU9XLNSQD,282874,Blue
411,Mercedes,G-Class,WIIJK2LRA8YP00I7L,103622,Green
412,Ford,F-150,DID83HE70O1QCZP2L,186794,White
413,Audi,A3,XDG1WBC1QNJ2FM5QW,289859,Black
414,Mercedes,E-Class,20M2ZH4PPZQXO3EFX,90186,Blue
415,Audi,Q5,R1UE4DGSYWNUU54HB,256265,Silver
416,Volkswagen,Passat,XX6HKIMNQTE67JBCD,116119,White
417,Volkswagen,Touareg,ER4FC6GKNM4XLFNKG,100778,Gray
418,BMW,X3,D4LL76L82U9JUW92C,280860,Red
419,Kia,Sportage,FB7OU1V3JK6PWF6YL,18812,Black
420,Hyundai,Santa Fe,NKIFY3QVWH646UCYA,298477,Yellow
421,Audi,A3,9WOIMOPT6MKYRY8HD,57270,Blue
422,Lexus,ES,E1MC0CUWKWW4TGNHP,261096,Silver
423,Audi,A6,O5VER6WPO1KUJFKZY,5801,Gray
424,Mercedes,S-Class,LP96V51PDTHIGECGX,161585,White
425,Kia,Optima,Y0OPSNSLXI181BA03,138294,Green
426,Hyundai,Tucson,VLOS64C33C8Z5QQWV,270693,Blue
427,Volkswagen,Touareg,VETVDPZ2K6RI52J3V,121185,Green
428,Lexus,NX,QY40EQBQ2RNJYH2RB,127003,Gray
429,BMW,X3,3597O5241MRPRAVIO,9654,Blue
430,Toyota,Land Cruiser,4OWBSFG679JPWGS1T,89895,White
431,Hyundai,Creta,YK1EVVJHVXQZSXG3W,62010,Silver
432,Kia,Cerato,IM6CEBGOH9P4XV078,270179,Red
433,Kia,Rio,4J0ULADYI41FKRVLG,44698,Silver
434,Lexus,LS,39XDGFJG1IMNYOLPO,11885,Green
435,Mercedes,GLC,391H0CGWKLB9QW0P9,285387,Black
436,Honda,Pilot,S0RUE6T8OIMAPU3EE,5404,Red
437,Mercedes,GLC,4SSCTKXT5GU7IA8HB,23445,Blue
438,BMW,X5,HOQ9BUA0CGQ1NAFQ1,7730,Black
439,Lexus,RX,C79M87J44V2I7UOES,236978,White
440,Audi,Q5,5ZOJY59JMQL3981G4,296991,Blue
441,BMW,5 Series,KNPF18WJZNPBZRRXR,174425,Blue
442,Audi,A6,O33S1T159R4IPKFJ3,87032,Silver
443,Volkswagen,Golf,BHCPMA5RMYA3HIGFZ,42506,Blue
444,Lexus,NX,H5E6GPKEQYCGODB9U,187324,White
445,Kia,Sorento,SW9ULH75HISNB27H5,178411,Gray
446,Volkswagen,Touareg,JN8ZX2VCFLTAG0RR2,147506,Green
447,Kia,Sportage,PGP4NZ33NL0O1QV50,110031,Silver
448,BMW,3 Series,UTWTDHXU8KDBABHOT,170955,Blue
449,Ford,Focus,MHL5ZBQRTY3KLBSCT,196237,Blue
450,Ford,Explorer,JVI6E7H4JVUJ9DILK,169506,Gray
451,Volkswagen,Golf,ROVPFRBQUR2OOQLY6,216597,Red
452,Toyota,Land Cruiser,L4Q544AF0LEFOUJFM,18277,Blue
453,Lexus,LS,J9OIY507OXZYFD1QQ,127885,Black
454,Ford,Fiesta,UIGNBJDTG89CDV83S,37009,Green
455,Honda,Civic,ADCZQ9W3C9H4FN94S,193583,Gray
456,Toyota,Camry,6A2J8J1P0L41DLODW,299382,Silver
457,Volkswagen,Polo,WDMPN95S9D6UEN9TN,54337,Green
458,BMW,X5,G7PFBKEZL54V93WGM,186021,Gray
459,Toyota,Camry,L98RIJZ3YN7G4A31X,38670,White
460,Volkswagen,Polo,0XD56P5MHAUE4HDRI,118122,Blue
461,Honda,Pilot,93GKOJBCW2M0NHV3J,208150,Red
462,Ford,F-150,LV7KOXCALEPTU0UQI,52941,Gray
463,Mercedes,E-Class,V8B23WRBGY0GWO9Q9,187103,Green
464,Lexus,LS,39HOSKOI0VRIL97PN,89546,Red
465,Ford,F-150,MPKHRV757MR1F8ECZ,62685,Blue
466,Honda,Accord,AAJ6D1G32SIN2VX5Z,119425,Blue
467,Hyundai,Creta,3AG04PLJ0VQQ7GST6,9153,Gray
468,Mercedes,G-Class,QLV0VGWBXEGDR4AF5,33305,Black
469,Lexus,ES,I1VNOUOR5D2AEEMON,88712,Blue
470,Kia,Cerato,UUN3662FQ1NLKF7OP,162014,Blue
471,Hyundai,Creta,4P9T4ESUIUQR0T4OR,53246,Blue
472,Hyundai,Tucson,Y33F0U3WKPQPRQYT2,209122,Yellow
473,Ford,Mustang,FKVO8KR15UX63JVBL,290020,Red
474,Lexus,ES,VWPHPZDC5I6JCCWV3,255208,Blue
475,Honda,Civic,3GA31O5QSHMAWJU3U,45563,White
476,Audi,A3,62GSLBU3STY9YWD4X,142199,Black
477,Mercedes,G-Class,0YWO7OCFI23RHXGWQ,296027,Silver
478,Volkswagen,Passat,RMVBF91LGS20CXYVQ,82486,Yellow
479,Hyundai,Santa Fe,Z1W1V1IHB2TWE9L6K,151582,White
480,Volkswagen,Passat,QGP9RWOUDDAOGGF5L,44651,Gray
481,Audi,Q5,ZIBQGSRQH8M50BURH,61271,Blue
482,Toyota,Camry,ETH84LJQNCGY2GYYS,250371,White
483,Hyundai,Creta,BBSE6BQRS6LYH52T2,267393,Green
484,Ford,Mustang,OAXIMB41EBKVNZMGB,256389,Silver
485,Honda,Pilot,OORA6Y2J26O49GPRF,158605,Silver
486,Audi,Q7,FBSJ5UQKHVE00RYB9,200362,Green
487,Ford,Fiesta,M5RKTIS3I84J86RTD,39510,Silver
488,Volkswagen,Tiguan,S9AOLZ18TROK6C6RH,31505,White
489,Mercedes,S-Class,5PVRSA73HBFGBKZNW,268415,Gray
490,Hyundai,Tucson,8FCJH55AYLKMGGJ89,1587,Green
491,Kia,Cerato,3F44138KVN729BWPU,54110,Red
492,Lexus,GX,Z0ZOIMSU1Q8MP7JCA,79070,Yellow
493,Ford,Explorer,OLW5T2F85ZWCAF9R5,213865,White
494,Hyundai,Solaris,40JC7OUACB1KES8WB,46330,White
495,Hyundai,Elantra,I9125U9WHPEF55YH0,244618,White
496,Volkswagen,Passat,6ZQVAQGOSRZ7ISEVP,281997,Yellow
497,Audi,Q7,B27DHEPAD4DTBCSVW,24704,Gray
498,Honda,Fit,R2Y4YK994POFU2KDX,267259,White
499,Audi,A6,DRE8J19LKI2C225JI,27734,White
500,Honda,CR-V,2BOJMO2M9H7NDABSB,267021,Red
501,Ford,Explorer,8OU80R4Z5ANFPPVIP,239700,Green
502,Mercedes,S-Class,1BSD6TFJIL7LQGKHN,45106,Blue
503,BMW,5 Series,KCW31Q7D441UO8C1F,250444,Yellow
504,Volkswagen,Touareg,SFLX7IHEA4HQZGFVK,179724,Black
505,Ford,F-150,XNK8HVFO5H1NOV7F4,78286,Gray
506,Lexus,LS,26LE15QS07ETRVENT,202098,Silver
507,Ford,F-150,Y3MJAVLI2T8KJXUW9,176576,Red
508,Audi,Q7,V53ZHCLVEX3B90G8Z,225956,Blue
509,Ford,Fiesta,JK3WJBUNIARGDI0TU,26283,Red
510,Kia,Cerato,UZ25FVHZGAQ64GGE8,201406,Red
511,Kia,Rio,RSH8IUV9HING2WSSY,115051,Blue
512,Lexus,LS,V3IYSS3444BULVWPB,208998,Green
513,Kia,Rio,GNMG88L3VM3GNMRUV,293919,Silver
514,Ford,Mustang,P843VBY4VGRM3J4RG,171404,Silver
515,Honda,CR-V,BKH2WJ13O0I8E565Y,37319,Black
516,Volkswagen,Passat,LBSSLQTBAXL800OOE,32887,Black
517,Hyundai,Tucson,LKHIINV0V5VHW6UCY,201774,Yellow
518,BMW,5 Series,WGNNAX3GQV3T1LOWP,273467,Yellow
519,Hyundai,Solaris,81Y97UUDQYYUPJQQ0,28,White
520,Honda,Fit,X8JMHEYFEDDZCCJZM,141557,Green
521,Lexus,GX,6DPZYXVK2DD8C3L1P,32662,Blue
522,Mercedes,S-Class,4D62IJYAIQNNCV82U,261580,White
523,Ford,Mustang,LURQMC1LYASIXIII1,100678,Silver
524,Honda,Accord,6X08GKHGROC2D2302,76527,Blue
525,Toyota,Corolla,88EL5XE3759JFHTM7,259506,Yellow
526,Mercedes,E-Class,NWOGR9IM26HI3Q3BS,25341,Green
527,Lexus,NX,GQDSW1IEEM6E3LFCJ,228183,Black
528,Audi,A6,EQ2BN7OPCUJ1KXIFU,87918,Gray
529,Kia,Cerato,UERPAO9GEIOOMJ7BT,243983,Silver
530,Lexus,ES,P0LHXPGC6F773YSG1,68458,Yellow
531,Ford,Explorer,EXIUI0K39YC6R8VFT,224255,Red
532,Toyota,Camry,ZNE0TKPE6MHBT8MTE,50229,Yellow
533,Audi,Q7,IOU66W1HWCOKSML2B,281221,Blue
534,Ford,Fiesta,8J19OTKMOJ9GT1M36,254803,Yellow
535,Hyundai,Santa Fe,OWT8RP5SB95C7CZZ9,277902,Yellow
536,Toyota,Prius,OPCHC6MBMTK2MLMTO,6526,Blue
537,Hyundai,Solaris,NYQFV676BRPHW0VRY,196903,Blue
538,Kia,Sorento,90MUEG2NGF01IPEFU,75029,White
539,Volkswagen,Polo,32HON9342KDOBLZZA,242792,Gray
540,Honda,CR-V,FMG80LGXB3GMDVBK1,159690,Gray
541,Volkswagen,Touareg,D5309UVF038HRF718,241572,Blue
542,Audi,A3,GSO3Z71948TDCL0HE,266126,Blue
543,Mercedes,GLC,4P9KPCDT3HOZ1DADH,33111,Red
544,Hyundai,Santa Fe,IF2S03P8OZ9OXRX70,126017,Green
545,Hyundai,Solaris,PTCY28HNDVCOZ478E,16115,Silver
546,BMW,3 Series,78S9WQ4PHWLS7ZQC3,121539,Silver
547,Toyota,Camry,P8LDK68X9DJ6Z69P8,169808,Red
548,Kia,Rio,DDYE6M6WROQGMA3T9,244786,Black
549,Honda,CR-V,8B98CZI7WADRI2XCT,247078,Silver
550,Honda,Civic,GAG6ZSB8TNSJ2ZR4Q,74851,Silver
551,Toyota,Camry,CSADXT0JVRYIZ403B,54417,Black
552,Hyundai,Tucson,P7EK1KEK2G8XMK0GA,196986,Blue
553,Ford,Mustang,C45C1KF6OHI3S7A0T,35752,Black
554,Ford,Fiesta,O2397FC9XHD0QSYB4,110380,Green
555,Audi,A4,31A6WW6HZUW652H0R,45608,Silver
556,Kia,Sorento,4BTNOLLIR5IU7E4TT,75003,Green
557,Volkswagen,Touareg,1HIBBQFYRDH6PKFAV,280662,Red
558,Toyota,Prius,QL8SACOMY7Z8MT5OA,216495,Gray
559,Volkswagen,Passat,WOEKT02R0VQ9X52FU,831,Black
560,BMW,5 Series,BLC7CFIHCGUN8EZ1W,277713,White
561,Lexus,LS,NO8HFOQ80ZO62WUUB,255731,Green
562,Volkswagen,Polo,ZGTFLHLP8ELK9B2ZZ,213026,Green
563,Lexus,ES,X0MC71RN60WH3X66W,297074,Blue
564,Toyota,Land Cruiser,JYCWQISC60MZBLZHF,68473,Yellow
565,Honda,CR-V,F4JJBLXIAAARJ0N6O,212789,Silver
566,Lexus,LS,5ORMRHGL3P87QE4SL,123621,Red
567,Honda,Pilot,74N6CSD4GP1WK7RJC,197477,Blue
568,Mercedes,GLE,I941XDMC3420J4WU8,100249,Red
569,Lexus,RX,OOK8N5A3EROCXC5RQ,648,White
570,Lexus,LS,NHMTK9CSA7FA4LMWS,131963,Blue
571,Volkswagen,Polo,9G0DSOFQFSGYIG979,146057,White
572,BMW,3 Series,OONM76ECO3KK7OZ7G,133372,Blue
573,Audi,A6,92B9HPKWU77GAWH5I,205497,Yellow
574,Audi,A3,N1B27VM2P4RX2DL7S,156968,Yellow
575,Toyota,Prius,IZYX7N4V7L7OQF8JY,214922,Red
576,Ford,Focus,B511TAVDYXTIHL1H7,68990,Blue
577,Audi,Q7,SNQ7235DMIQPGJNR1,181177,Black
578,Ford,Focus,GYG19C2UOHAN0A8N9,72241,Black
579,Toyota,Land Cruiser,7I56JM06DV4XJWJ39,163353,Yellow
580,Audi,Q7,WURU53TYCJ1CWEAOJ,255688,Silver
581,Volkswagen,Tiguan,XWONM10Q24IPY63ZN,68176,Silver
582,BMW,3 Series,M5H11HDZZW3S8SWJD,83615,White
583,Toyota,Corolla,MH7ZS6HDL9CGMNPA3,93310,White
584,Audi,A6,BIFFJ623TI40SSZU5,215524,Green
585,BMW,X3,EHTLEI9XSJ5LCDDKQ,94865,Green
586,Hyundai,Tucson,7LJ7JFUC3PX2M3NJ9,198896,Gray
587,Honda,CR-V,G4N1UDXIYAEEPCEA3,142352,Silver
588,Audi,A4,A1PQFKHKUDZ7NYIJ2,47926,Blue
589,Toyota,Camry,DUHRRBF2KRWYN9AK9,149710,Yellow
590,BMW,X3,JJQ8A3TB81A19XUR3,76167,Silver
591,Kia,Sorento,C2AH2G7HF2YN4RLBN,128914,Blue
592,Kia,Optima,IPLRH5IXEB9V7VYRQ,249920,Yellow
593,Hyundai,Creta,WGVATGGG2X6DV8K1G,296649,Red
594,BMW,X5,2OSU76J14NMWW9LKN,57144,White
595,Honda,Pilot,383N85GWMXT95X9TS,110114,Gray
596,Hyundai,Elantra,DP7R4KQPI1TCU6L5J,72486,White
597,Honda,Fit,2XCMPEHC5MHURUBWC,296349,Blue
598,Mercedes,S-Class,7TUQ4VHHGJ2ROV3P7,253888,Green
599,Kia,Optima,PK494C2UQLOP33LIL,24633,Silver
600,Kia,Optima,59GYYAN4Z6LO90A3K,47430,Blue
601,Toyota,Prius,BGKROFELLXKTMSTZH,215535,Silver
602,BMW,3 Series,YTBO9O9LZDTH8CT07,43587,Silver
603,BMW,X3,KPNZFA3LXE5G7PQNP,145107,Red
604,Toyota,Corolla,UT9ZSXRSRLOGDENSV,105006,Black
605,Honda,CR-V,J4HB2L9OBJEP4YYL1,165863,Blue
606,Lexus,LS,84P7PSJOOB045MI0R,270828,Blue
607,Lexus,RX,F5FA4J0B6YEPDANLF,229721,Yellow
608,Ford,Focus,G32OL75C06ME41HO3,281016,White
609,Hyundai,Solaris,1QC1A34UA0JGXU51W,119882,Silver
610,Audi,A3,2OJBHPQQLAXPBUFGC,127975,Blue
611,Toyota,RAV4,84988J55X6C1VEXWH,104947,Silver
612,Audi,A3,M8VMIQZRODT90YNV2,274416,White
613,Toyota,Prius,QCZW4DBBRJSOQMHA0,282699,White
614,Audi,A3,P52WEKA9B0XCA0P2C,229344,Green
615,Volkswagen,Golf,M15VDHLJPQ40N6SJ7,32419,Blue
616,Volkswagen,Polo,CDFC0FH9GX0DSGQHX,31214,Black
617,Toyota,Corolla,MU6R2CYHGMJ6IDLAT,104223,Green
618,BMW,3 Series,QA86K3ASPEXDX0Q7O,260842,Red
619,Audi,Q5,9FY1TEHZ8B7TTHBU3,107510,Green
620,Mercedes,S-Class,ON1ROWFYLZQRRISUZ,67840,Black
621,Toyota,RAV4,NF1JRU2GHU816FULC,261988,Blue
622,Audi,A4,01Y6UIYKVBEBZJ5TY,224901,Silver
623,Ford,Fiesta,IKQ9AZLD95BZLN53I,212332,White
624,Ford,Focus,F2RVHXPJK951IEAVT,79178,Gray
625,Volkswagen,Tiguan,BC3YSJ7VWO0A9H6GO,112880,Green
626,Audi,A6,NZ9A3F13Y4KNBTH00,132203,Silver
627,Kia,Optima,ZLM6E0WH4PO2D455Y,109379,Green
628,Honda,CR-V,3OBCBDTHF78BW1CE1,236869,Yellow
629,Audi,Q7,6NU65YCKYRAD3QI0J,258157,Gray
630,Volkswagen,Passat,RP4571GV5A0XDSZWO,85489,Black
631,Toyota,RAV4,1JXKJ1XBMPPR65EBI,128772,Yellow
632,BMW,X5,D298PFT8NMNYKR4QP,294192,Gray
633,Kia,Optima,Z82G42BI4Z27ESO7W,40785,Red
634,BMW,X3,31WV54UUXJ9ZY5DIM,165724,Gray
635,Audi,Q7,PEDQUVK8S0OIDTK4E,87232,Gray
636,Mercedes,G-Class,H74GQWTCJ2BPO1QE9,98388,White
637,Kia,Cerato,VH5U1X69ZLZCQ8XEW,234353,Yellow
638,Lexus,ES,LBR0BZ1HFI7XIWF7V,219960,Silver
639,Mercedes,C-Class,QG4NQAJXA235W3G80,26283,Silver
640,Hyundai,Santa Fe,JS6J6BKDL8B94NBWV,293939,Red
641,Lexus,LS,K91J806EHIINAIKWX,33947,Red
642,Honda,Pilot,IJYORGPQ3RUBWXK3S,70933,Silver
643,Mercedes,S-Class,CPZG73TWPJN6D9D5A,119078,Red
644,Audi,A4,CPT7FAQIA1JPK6GSA,2666,Red
645,Mercedes,GLE,MJG67GDVSYLK2EZM5,149906,Black
646,Hyundai,Solaris,0N2Y7V8ASU618LBLT,194415,Gray
647,Mercedes,GLE,UF6FPSSJGUABDIC84,183682,Silver
648,BMW,3 Series,ZJRWTEJ38VCMMFU82,98962,Silver
649,Ford,F-150,7J4IWON3C7BU3Q435,21906,Yellow
650,Lexus,ES,WVZHQ6PRTLCO2TBO5,102497,Yellow
651,Kia,Sportage,55BL6DVACZ81W6QIJ,294417,Black
652,BMW,X5,CSW9EE3F63TR5WYVK,47865,Green
653,Mercedes,G-Class,2SSHA99CQQTQIQ54K,162274,Silver
654,Hyundai,Elantra,T1Y6Z7REOVU1KIWV3,209724,Yellow
655,Lexus,NX,67RASA366YEFKMF63,263319,Green
656,BMW,X5,PUEHHFKYVUAO744L9,162516,White
657,Kia,Rio,GFEQ3ISUGHQ1PTCPO,242694,Silver
658,Ford,Mustang,HKI5MXAAL6C17D6UF,100866,White
659,Lexus,ES,744ZC4SFMT1T9S890,100745,White
660,Kia,Optima,LBY9WOMMRK7P4JJ4L,142866,Green
661,Kia,Optima,SK65989Q5A1U98HF6,102307,Blue
662,Mercedes,GLC,VDZZOM4OP9OB9KU23,222318,White
663,Kia,Rio,UBRSAMC1UYLPN0QPS,107913,White
664,Toyota,RAV4,9QHQ6I23SX8BK4DZG,100664,Silver
665,Mercedes,E-Class,EX8Q0SDOZOUJHM755,80233,Blue
666,Mercedes,GLE,A9NU4KUP8O4NMMMT4,32604,Green
667,Toyota,Camry,PXRTTADQ6FR8BOLJD,51913,Gray
668,Volkswagen,Tiguan,X85DUEDHZJ65EQ7FY,216660,Black
669,Lexus,GX,GZO1GZP8Y8L2N3CHG,77414,Black
670,BMW,3 Series,TDWEYLQ877W2PI4IF,77611,Red
671,Ford,Explorer,Z4GKRJN56V1GP2LRB,277322,Blue
672,Kia,Optima,NFYCQUW38FPVGTCMQ,138173,White
673,Hyundai,Elantra,K689URQBGBOZPEC8V,5079,Black
674,Kia,Optima,FBT7SNIEU3J78EGRB,139820,Silver
675,Toyota,Camry,6FKRZX70RFWZLWP6D,131229,Blue
676,BMW,7 Series,HTTSW2IF4ALCPREYC,222963,Silver
677,Volkswagen,Touareg,BGFCWAYBJLDV0V37N,249135,Gray
678,Kia,Sportage,CBZ14X83F9P0VGOE4,193472,Green
679,Toyota,Camry,MV1R2UUJOYU1V6M87,184886,Blue
680,Kia,Cerato,FSZUNPNXNL17JEJQP,37295,Silver
681,Hyundai,Santa Fe,VDHR8OMK9GR7PQPUK,31090,Green
682,Honda,CR-V,U0BWVX6ME5GEXLLP6,5585,Red
683,Hyundai,Tucson,XA1ZFFDFVHSL7DXEX,291558,Black
684,BMW,X3,T03BS6EWYZEP4AZXY,64935,Gray
685,Kia,Sorento,I6ALTS1RYYIUHF71L,203539,White
686,Ford,Explorer,8PZRDS6HPPXP6TE2V,103181,Blue
687,Ford,Fiesta,GS2NAYQAA2MCUC46H,32551,Blue
688,Ford,Explorer,BD21LI8M310HDCVKO,263884,Silver
689,BMW,X3,A0ZFCWIGJY9RKEL1D,90320,Yellow
690,Ford,F-150,GL8316J9HV44225AO,234609,Green
691,Mercedes,C-Class,5DMM66D19ZTEDJY8V,251088,Black
692,Honda,Pilot,OSXKP89BDRLMIMUC5,112795,Gray
693,Ford,Mustang,P5R25A7EKVEF8MP75,144484,Yellow
694,BMW,X3,PJ4JAEB3XYOM3R8KH,3381,Black
695,BMW,X5,TIF3EIQTE61HWRSKN,157060,Blue
696,Hyundai,Solaris,6F1KE72VSL3CJEUVN,220084,Black
697,Ford,Fiesta,OVYYWKCIECBBYTR2Z,26676,Green
698,Kia,Optima,CX61PQF67BLJHV3BZ,143973,Red
699,Volkswagen,Passat,N57KFSW5I0CP6XOQN,55086,Gray
700,Audi,A3,FPTPKQA5UY7RTJU6T,17215,Yellow
701,Honda,CR-V,XRZ7G229K6FYGYC9J,242515,Blue
702,Hyundai,Elantra,IE97UAJTIR5VT62B4,246245,Silver
703,Lexus,NX,WRUUT2IXDXQAJDKYH,252988,Silver
704,Volkswagen,Tiguan,XJGYR9OQ0H4WO7C51,143714,White
705,Mercedes,C-Class,MAIJ10N4YHQ1NLNK8,113005,Yellow
706,Volkswagen,Tiguan,MTTVQ10UCBZMVGUU7,190704,Green
707,Hyundai,Solaris,KWYOKI8CQB1T49OZQ,5634,Silver
708,Toyota,Land Cruiser,Z884J0PFQI08Q8F14,20401,Yellow
709,Audi,A3,NAQGGUJME5OKM0VYR,204110,Blue
710,Lexus,LS,AGMP4BXKQ9SU3JICB,254313,Yellow
711,Toyota,Camry,WB9JW4MOQXJVANT1C,101432,Green
712,Lexus,RX,D7UMVC9BM6GRJJLL6,87416,Red
713,Kia,Sorento,PA4BUEQSPONRY5R66,1618,Gray
714,Hyundai,Creta,JDCS17PC1H4JP7VAT,171792,Red
715,Ford,Fiesta,01QAXPJXTGY607ZLL,106140,Gray
716,Hyundai,Santa Fe,9BCJEC3EYGQDAJ2R5,265524,Blue
717,Lexus,LS,8IL45J6M0QAG1S9F9,203169,Blue
718,Audi,Q7,MP564NY4YBSSB453Y,97140,Yellow
719,BMW,3 Series,OPH78H80QG6X75RJW,108696,Green
720,Ford,Mustang,XJSTNK1PLIP1W9YTM,128786,White
721,BMW,5 Series,A1R58JAQI6CNU8SVX,22791,Gray
722,Ford,Explorer,GLJNE3E9RAQARJFVM,265790,Black
723,Audi,Q5,M2YZU813RO61U7VAX,262946,Silver
724,Kia,Optima,I85WHN2W6J4V44263,268878,Blue
725,Volkswagen,Golf,JRBFQSWQ91WP35VTK,230992,Red
726,Ford,Fiesta,5Q3WDELZNGENZWCHR,239606,White
727,Audi,A6,C31KUIMFDRX6V5X65,172183,Silver
728,Honda,Fit,N8CJ0O2E1QNCSW7X2,29444,Gray
729,Kia,Rio,PO3KW4Q03UJYTP89B,201706,Yellow
730,Kia,Optima,JEIPR1A782AF9AU0C,130968,Red
731,Mercedes,S-Class,A6K2BBKOV5K2ZREII,177418,Blue
732,BMW,3 Series,9A8WH303CGY6YVVDQ,58053,Gray
733,Volkswagen,Polo,ITEJXJLRF9SMV0S4F,107605,Green
734,Hyundai,Creta,ULR97MZ93F18RNM04,205753,Yellow
735,BMW,X3,OZ5UW3KGL5L64RI1Y,139832,Yellow
736,Hyundai,Santa Fe,Q0UVAQYS0UZVZRXBM,9240,Blue
737,Kia,Optima,TLOFY5FUQA2EEJ0X6,280204,White
738,Audi,Q5,BUW3QRBI0O08BTYSO,182601,Blue
739,Mercedes,GLE,BDNU30UVG2W7I1Z41,272615,Blue
740,BMW,3 Series,125N8Q2B6J3HSC49K,100776,Gray
741,Volkswagen,Golf,V2OA5UW8RQIIH1AUM,200917,Blue
742,Mercedes,GLC,LPEQKCGAXKFXPTF07,29320,Red
743,Hyundai,Elantra,MTUTUR7LR98034DOL,177541,Gray
744,Hyundai,Tucson,Y517LKE0D47Y8RORG,268604,Silver
745,Lexus,LS,5NW5KMQ3K7URL649E,220527,Blue
746,Kia,Rio,0X855B3V4N348XVUI,71386,Red
747,Toyota,RAV4,HW7OQW6O9DWVV5U7V,240749,Red
748,Ford,Fiesta,TJDJ2H55WUJZEA7MO,119087,Blue
749,Hyundai,Solaris,9K4T30AXRRMCRIHPQ,150551,Yellow
750,Lexus,LS,PSVQGZT4S95HK7RX4,243077,Green
751,Honda,Fit,M5YTO141BPLUDWZZ1,74225,Blue
752,Kia,Sorento,1TA8M4JUHUVS5U8PZ,203320,Silver
753,Honda,Civic,O00NN6RGJV7V4JALG,193391,Silver
754,Ford,Mustang,W7OU3WJKEQR9GP470,86363,Black
755,Ford,Fiesta,NOKLXK7CCMEF9VQ2V,75952,Green
756,Mercedes,C-Class,5KHCN8I3MVRFLMJS6,272360,Silver
757,Lexus,ES,TGOFSC4LMF7JIVSO1,200554,Gray
758,BMW,X5,DBXOYA7UNCAQMRIJW,4933,Blue
759,Kia,Sportage,5YUN3V0X8L2GAYQ9A,122813,Green
760,Volkswagen,Tiguan,5UQY0K7GECFX4HBM9,283348,Yellow
761,Volkswagen,Passat,SQ9OO3RU2Y233L69M,192616,Yellow
762,Lexus,NX,PJDE1B0PMPH637PXW,94903,Red
763,Volkswagen,Tiguan,BW64EVY6VSPJSUSCA,274635,Blue
764,BMW,X5,EMMKB0YERU00RYVY6,233811,Black
765,Audi,Q5,JKW02I7K6AWLRVQLS,226179,Green
766,Ford,Fiesta,YBV49HLDLP2SYAW7O,235184,Blue
767,Toyota,Prius,6I38PZ0Q39D432P97,180843,Green
768,Volkswagen,Touareg,3M8A8HVIONEQGLE0N,187871,Gray
769,Toyota,Corolla,K9Q92FXYMKQF9P15H,128088,Gray
770,Audi,Q7,JA3O1IRLCGUKH4Q17,280281,Gray
771,Volkswagen,Touareg,E3IO5301V61O89TVN,176772,Green
772,Hyundai,Creta,QB9J6CZN9X2JR8XYX,101103,Yellow
773,Honda,Pilot,YNK9WQXJ1M9NUVP6U,216559,Blue
774,Volkswagen,Golf,RCDZGIU64MOCQKJ9F,157103,Silver
775,Lexus,ES,13MSCTMWLR68G2P6T,90584,Green
776,Lexus,GX,PHJNDOKQD7J3STS3U,38387,Yellow
777,Hyundai,Elantra,JY0HJ7566BYUITOYW,163462,Gray
778,Mercedes,C-Class,JN71HWM8XF1UCXX1R,214806,Silver
779,Volkswagen,Polo,FRLZQYPREQ1D9TOAR,2299,Silver
780,Ford,Explorer,FRGNPTTY3PAYO76BJ,217171,Yellow
781,Lexus,LS,BJQ27HAK70ODEWTE4,51839,White
782,Hyundai,Santa Fe,YJQG35B9QCU7H3MYB,182229,Silver
783,Lexus,RX,08PA0BTL9DNDMUJGG,214101,Yellow
784,Ford,Focus,6X10P2NO1T8RF3YI9,288652,Silver
785,Honda,Fit,CQC5WRC768HRNDTTW,95540,Gray
786,Mercedes,GLE,DCSZCLRBA5OYLDKFH,280422,Yellow
787,BMW,3 Series,ZSZOZ17IWQFUULQ0T,264309,Green
788,Hyundai,Tucson,O449SNEQ7HVG2AU67,77041,Green
789,Volkswagen,Passat,7DR88NNTKAL651EST,188503,Red
790,Lexus,GX,MGJO59I9KPGNRK53F,264317,Gray
791,Audi,A6,IBKCIQH7ULS6V11S8,256392,Blue
792,Kia,Cerato,JH78VVAYVROG8FKO0,89982,Blue
793,Hyundai,Tucson,QEQ4DMV07YOLWDE1J,287492,Gray
794,Lexus,ES,QKFAXG67SE1DV04TA,161631,Silver
795,Toyota,Camry,E1LJ5NX4DARZZEB0U,254403,Gray
796,Hyundai,Creta,2LCU8VA08P5ADXYI0,211803,White
797,Hyundai,Tucson,78HQDNJDDMD7I3VKT,102029,Blue
798,Volkswagen,Passat,I06O6BA3PYC8BYN66,153242,Red
799,Audi,A3,SY29RE3EK5BBH9NBH,252163,Gray
800,Toyota,Prius,RCES5H2BOQKAIMC9J,292566,Red
801,Ford,Explorer,TTP7OFXFHZL5BDCPH,224743,Green
802,Ford,Explorer,WVL8R4G1C6MUTFGLL,83093,Black
803,Kia,Sportage,TZZXZCX31RFZEVHQE,111910,Red
804,Volkswagen,Passat,PEOBPFS82LYK3CM89,248119,White
805,Kia,Cerato,AETP9JKF6LHCRSQ05,222363,Green
806,Honda,Civic,D03ENEJDIFL08JPQB,170475,White
807,Kia,Optima,0I8NC5X94MV1JN6JB,62105,Red
808,Audi,A4,UFKJCCGRS6WRJQK86,38491,Green
809,Kia,Sorento,RUKJ2HDWUPQBZM8Q9,20488,Gray
810,Toyota,RAV4,LC9NMLXVVMH8NM5IE,3024,Green
811,Toyota,Camry,989Q1YPB9SVLQHPVG,217477,Green
812,Kia,Sorento,XQLV05URMXQIYBECL,247950,Green
813,Volkswagen,Passat,WPUYY50WYN69YW01V,190751,Blue
814,BMW,X3,81EJKUTPNITYRD9TD,177581,Silver
815,Toyota,Corolla,SMX541JHTUK64E05K,243075,Red
816,Honda,Civic,FYW4OFVQ9UO3WZUKM,115058,Blue
817,Kia,Sportage,UW4S120P1UOTW2RT4,45258,White
818,Mercedes,E-Class,5271464R6BAN9U0WY,246871,Gray
819,Audi,A6,VFGFB1RZVYVXSL2A7,65929,Black
820,Ford,F-150,4289I48FFJS74HSBZ,168970,Yellow
821,Ford,F-150,163E6ORKCUYOO6HDG,112510,Black
822,Hyundai,Elantra,ATXU7F4O7K1NQ8B2Q,49475,Silver
823,Hyundai,Solaris,2EPBHGYICPQSELEIK,299255,Green
824,Honda,CR-V,MLQLRSI0V50HGZFY0,7903,Gray
825,Kia,Sportage,7SYVZ9QIO29H2K0CN,78828,Yellow
826,Toyota,Land Cruiser,2N2S7V1ZBQTXR84GH,165461,Gray
827,Toyota,Camry,9X41EFCCBS4QXB08H,218252,Gray
828,Mercedes,S-Class,26Z4E982ARR25CRUS,24998,Gray
829,Hyundai,Solaris,5OOGFU9PJJLX7TNN6,43321,Green
830,Mercedes,GLC,LLCDI2JFTSMYZOV9Q,160513,Yellow
831,Hyundai,Tucson,9CBEDNCYLKNOWPL9W,54081,Blue
832,Volkswagen,Touareg,LTOXODL7E2JFGEE38,193021,Gray
833,Hyundai,Creta,QI9475R3DLP5Y0LTH,81947,Green
834,Audi,A6,83HNYWS0KBH5VDFAX,235840,Green
835,Lexus,NX,RSTH7T7E8R5UHNI43,110652,Silver
836,Audi,Q7,64AGA7R2LKDKZNUMW,206888,Silver
837,Honda,CR-V,LAG0R2X26AHIL6P00,245410,White
838,Hyundai,Creta,8939E27498Z0ODLQ1,174739,Red
839,Kia,Sorento,2LHOBW1RNHGCV21EM,125102,Red
840,Volkswagen,Passat,5UE9SYNWKJGL19ZKY,62613,Silver
841,Ford,Focus,TXGYN417MTNB83LTD,138519,Black
842,Mercedes,E-Class,DA5OPDJ61B6XF2EXL,82284,Gray
843,Hyundai,Elantra,JND0Q3728KCEX3IM2,148610,Red
844,Honda,Accord,EJYUEGKAYGGNQBGLF,246944,Blue
845,BMW,X5,Y7J4H3T44FT0CNSJL,130050,White
846,Kia,Rio,M3QNHAETLG70VSIOJ,25362,Black
847,Ford,Fiesta,Y8NHQ2VOVR75U84OS,85818,Red
848,Mercedes,C-Class,75HS4AJ8XYTRETVL9,21076,Blue
849,Mercedes,GLE,VUN2U0NCPUTPZQHTU,7924,Black
850,BMW,X5,9FOPRA35WSLZPAGUC,157380,Blue
851,Audi,A4,E8BCW5DW0MQ3S0WOX,88860,Black
852,Audi,A4,RASB0GHL9MP2FYR51,175173,Black
853,Kia,Rio,W8PNNQ39C107PR56S,215167,Silver
854,Hyundai,Santa Fe,QTAUGKBJ7E0ZZXHLK,116166,Red
855,Audi,A4,ZNJV68CXFN5EN0SPG,44577,Gray
856,Toyota,Prius,3HX76XIICVBS83MMU,50511,Green
857,Hyundai,Santa Fe,CHGEMP7H5X5U7C2IV,148628,Yellow
858,Kia,Sportage,Y95279HREDFWOHMJ6,267366,Silver
859,Lexus,NX,F9RRXEHEHQ8XKCC1E,131721,Black
860,Kia,Sportage,M4PCNX4YCNB1D73N3,213069,Silver
861,Audi,A3,7KXQDQBPAZKWM5IG4,62378,Blue
862,Audi,A4,EDV74O7XWA6QBUIKH,148023,Yellow
863,Toyota,Camry,NLKGORCLIKVAS1R4M,44163,Red
864,Kia,Sportage,JHODR9Q0NM7QV4ZTP,106042,Green
865,Lexus,LS,72UJMTZ93NHH2KQ96,249793,Silver
866,Honda,Fit,KMBQNZJLCNHCVECBS,288625,Gray
867,Mercedes,GLE,0JQHJ2SENZ6WZ0XBI,227742,Red
868,BMW,X3,W3PBXWPONGCB27PCB,111781,Blue
869,Mercedes,GLE,9JBQBEHZDPYTLD2IL,99812,Green
870,Honda,Accord,PS149OP09T6QPUSIT,109423,Yellow
871,Audi,A3,WY3XFP38B1JP1VGN8,56242,Black
872,Kia,Sportage,ZWOCNGFBMTR5743TN,275199,Green
873,Mercedes,E-Class,MUTWHMDD3EGNQ1ABA,267856,Silver
874,BMW,3 Series,AM5S7H004YCKVDTT3,159851,White
875,Lexus,RX,C82HN984RFAQJJBU1,258043,Red
876,Audi,Q7,E987GSHIWB7LI3MSR,13932,Black
877,Ford,Fiesta,R01S3AQF61GRCR7QJ,169733,Red
878,Volkswagen,Passat,HVNQX6YNYV756EF5E,150596,Black
879,Honda,Accord,XL3R5VT7C4FT4WYKQ,219814,Gray
880,Hyundai,Solaris,SI37062246R01II0N,176155,Blue
881,Hyundai,Creta,V04QQGC9SXD5PVJ14,225723,White
882,BMW,X3,RLQK82ADGDTDBJA4H,264098,Silver
883,BMW,X3,85W16RCKOADYHGLMO,42034,Blue
884,Volkswagen,Touareg,7PURFNCT1I6UQ39H7,103498,Silver
885,Audi,A4,MX99KAALL6NB5ZZ31,71233,Black
886,Lexus,RX,SS4V0QXPR9ZKJ3YCO,109467,Blue
887,Volkswagen,Passat,JFCC81YWDP41U6P7X,184967,Red
888,Mercedes,G-Class,QKXV62NB40CYWIYXF,235390,Blue
889,Lexus,RX,D85UVGHNR4N9APEOX,94632,Silver
890,Kia,Sorento,AX3Q0VLNEUKYQSUK1,45919,Green
891,Kia,Optima,6SNO89Z6AC85VUBVG,287240,Green
892,Honda,Pilot,NXZDKSN42Q098IS5I,78413,Gray
893,Audi,Q7,BJXQ5GJOOR89C1E3J,155482,Black
894,Mercedes,C-Class,P9OVMZYUVOYBPW28R,160683,Green
895,Hyundai,Santa Fe,IVTTKHPWN56BMGSI7,153318,Blue
896,Honda,Fit,LJFOCQF3ZZEFIFNDU,43617,Gray
897,Ford,Focus,QCP5HM0GYCK2TK4M3,154284,Green
898,BMW,5 Series,OTM52KW0K9UBBX00X,7092,Red
899,Mercedes,G-Class,0F10AZ9I61PSWZF1A,218972,Green
900,Kia,Sorento,DTSBCR5H3AMMBBG58,227132,Gray
901,Volkswagen,Tiguan,TIBQ7TRY22EUFTDFQ,224620,Silver
902,Ford,Focus,UJLH4RWAZ3GUWV92M,51423,Green
903,Toyota,Corolla,4TN2AW8VXZAQ7L7A5,86703,Green
904,Lexus,GX,4HPNS206NQ3C3X0L9,121943,Blue
905,Mercedes,E-Class,CZ3QULGAYL8CVBBCH,102514,Black
906,Audi,A4,NQR4K0V08TQO2VIZO,91422,Green
907,Audi,Q5,7RJBVZAU66J3A8N3R,59678,Green
908,Lexus,ES,RCZBAHTXWHJTQSMMP,65887,Red
909,Volkswagen,Polo,NC37CKUJC8UGJHEPO,205261,Yellow
910,Hyundai,Solaris,KLOI7VCA7BT9EW4R6,23701,Red
911,Mercedes,GLE,EWMBAQ35GL1EAGWQ7,241626,Gray
912,Audi,A4,XXLK2RVLQ374RJEXK,144685,Gray
913,Ford,Explorer,QOEUIW0IAFLMYQ5D0,230237,Blue
914,Toyota,Prius,7XIVGL9IGA00D7PKD,201953,Blue
915,Lexus,RX,KX3W9GXYQYNZW3VKK,254254,Black
916,Volkswagen,Passat,NSSI00MCB22G7F1JP,219998,Red
917,Mercedes,GLC,JRVHZJYK0XIEO8A1K,202451,Black
918,Mercedes,E-Class,5H35G6J9KLNDQ53AG,149736,White
919,Mercedes,C-Class,SEHPPFEHC0R2BCMSB,146001,Black
920,Audi,A3,V7MDZOWQWZB0RKYLO,209014,Gray
921,Kia,Optima,KOS0TNB1E04FF7SE2,68816,Black
922,Audi,A4,JD5YQSOAU5JLPQXZU,9073,White
923,Lexus,RX,XC8Y6M7IRR84APZAU,239010,Yellow
924,Honda,Fit,L7SQY41H8MZW6KZOT,222595,Gray
925,Mercedes,GLC,UMRBOORA3K63L2DU4,195426,Silver
926,Volkswagen,Passat,TN05HQ05SQZJWQ8FX,91652,Silver
927,Mercedes,G-Class,76XZ0VAY19DONHEHU,210338,Blue
928,Kia,Sportage,SU3GRL0RCOCDARVMU,246707,Blue
929,Toyota,Corolla,OS745GMY8TXE8QB4S,119118,Silver
930,Mercedes,GLE,HKE542FYU4OPAZQN6,2601,White
931,BMW,X3,OP9TZ7HGH0AUBR6JJ,217141,Gray
932,Honda,Pilot,04ODRNZ7KTVFZATWA,116631,White
933,Honda,Civic,QEB7WIML96LS9FH1F,177905,Blue
934,Lexus,RX,SJJ1G40B5RIZX8F8C,256543,Gray
935,Toyota,Prius,QM1MW635CETQTY3SB,292310,Blue
936,Kia,Cerato,2JSN1IL7CW7IPXHIT,92456,Red
937,Kia,Rio,F3QQBVCNF0AWNHM97,137112,Blue
938,Lexus,RX,J7UBKWGVUM7WK9A9K,16325,Green
939,BMW,7 Series,BE2I2J90JMZ1SGDG8,39715,Red
940,Volkswagen,Tiguan,VLDTEXIMN37Y78S7H,94705,Red
941,Mercedes,GLC,BS4FMTEWHEP4Y6YQG,95221,Black
942,Ford,Focus,YE1Z7PWYQP7URQCID,263838,Black
943,Volkswagen,Tiguan,SV0HJZX2BF2IVSTEE,292134,Red
944,Lexus,NX,J21LVCCNKDSJ7AWVA,77965,Blue
945,BMW,3 Series,7I3NIXJZHEWQ1NO9W,91352,Green
946,Hyundai,Tucson,IGJCRBS00YDXC2IYY,38590,Black
947,Hyundai,Tucson,F0A8H9UKM2Q5J74F1,140359,Red
948,Ford,Fiesta,I75YVEPPK1QUUNUFF,115944,White
949,Honda,CR-V,00YPM2ETUHQBME5S8,85789,Blue
950,Volkswagen,Tiguan,U2IS8XZYWHJ6IYEZR,298545,Silver
951,Audi,A6,5I5OXD7IEXK8O4VFQ,238885,Green
952,Kia,Cerato,ONAZXWX6U52199Q5D,33479,White
953,Kia,Cerato,PP2T3WU5KUTV64CCJ,216520,Silver
954,Volkswagen,Polo,TRRWUZJRB385KPEBJ,156775,Red
955,Ford,Fiesta,GIN2RKU8Z1E95FTQL,237052,Gray
956,Kia,Optima,CWYVQKTHN6UXQXNGV,16619,Black
957,Audi,A6,VOQGH588AJOEAK42W,290099,Yellow
958,Toyota,Camry,GY3OVS351JFPTILOB,184496,Yellow
959,Toyota,Land Cruiser,H27DM94K1DTVFTBB3,199098,Black
960,Lexus,RX,X3BG1M67WDBDOZTX5,16592,Green
961,BMW,7 Series,PGDAENMF0SV5O4SHY,196918,Green
962,Mercedes,GLC,PT3EDDBCGGUUENQFR,79791,Gray
963,BMW,7 Series,EGQYJMJFNHD29AYLJ,62968,Red
964,Ford,Focus,ATD7MBMT8IVFUXPNE,59463,Red
965,Lexus,ES,PN9K78N60OQK7525A,21615,Green
966,BMW,5 Series,TV1HO0SRMQIVI74JK,178047,Silver
967,Ford,F-150,DHMBQPJVFYUUK6PTV,195181,Silver
968,BMW,X5,PEH3HOBKR3YK0YYYQ,54540,Green
969,Volkswagen,Golf,B9VXYMA1G1W6M2J2R,212886,Gray
970,Volkswagen,Golf,05TKIBBIC597Z2XAS,194645,White
971,Lexus,RX,LQSJVWKXQZ80EEE0W,238328,Yellow
972,Audi,A3,PWQ3PUAETB2TP51Z2,55150,Blue
973,Ford,Mustang,7Y9KUMAT8KW8R3XKZ,181481,Silver
974,Audi,A3,Q9O2YSWH5X3KW1GNX,173069,Blue
975,Toyota,Corolla,Y8GAQ4VIQ4E2M8FLI,139543,White
976,Hyundai,Elantra,CWCX0UY4CBSGU5T07,56934,Green
977,BMW,7 Series,EYGT5CNPM05EF8CMZ,224615,Yellow
978,Hyundai,Elantra,P4L0P8IBTHC5P8Y96,5413,Gray
979,Toyota,RAV4,0GZI4SDTSR6SIHNC2,2861,Black
980,Ford,F-150,3CGZB5DNQP5CQEL95,196507,Silver
981,Mercedes,E-Class,IQJIZ0ZKIKCD9EWAJ,284814,Yellow
982,Toyota,RAV4,JHUUQ8XZ7OV2LKQYD,61171,Blue
983,Toyota,Camry,DK41OLAEW5Z5Y4R3O,143953,Black
984,Lexus,GX,WIJNNU3VDDSYOT7JP,47760,Silver
985,Honda,Civic,QVURO9KKOIM9VSGEK,145253,Blue
986,Audi,A4,L1ZBT7VOVUVUI5DAQ,271249,Gray
987,BMW,3 Series,UE7T1WP0HNXB0SUX4,222753,Red
988,Ford,Focus,ORDIAL15BHQNVSHYU,24629,Gray
989,Toyota,Prius,D1ZD0MPXRUBI8RQNK,144381,Green
990,BMW,3 Series,CTP4OQ816RXC0OXFI,177227,Silver
991,BMW,5 Series,ONG0BZN08FOKXWNRP,231473,Green
992,Toyota,Camry,PB6CEMLND8DR4DO1B,273295,Yellow
993,Honda,Pilot,1KWLEBJFOMN7JVPZM,274359,Green
994,Volkswagen,Passat,E0S5K9W6DA10PHV0W,159968,Gray
995,Honda,Accord,77LHAJLYM4CEK9OJM,4624,Blue
996,Volkswagen,Golf,G3W2ICII8K9NPDOSC,40306,Silver
997,Audi,A4,6221YYMXEA77SRT0R,148877,Blue
998,Hyundai,Elantra,7CEWKDJAM7KQY12WP,75615,Silver
999,Toyota,RAV4,J6X94P8NH1SR7SDOC,269384,Red
1000,Volkswagen,Touareg,LNTHTSRU3QZ5QX7S1,34764,Gray
