id,login,password,role,name,surname,lastname,is_verified,passport_serial,passport_num
1,секунда_ставить_рота@protonmail.com,iVgGi8!MB5aw,operator,Афиноген,Носов,Викторович,True,4955,344487
2,pn6w1gdb@gmail.com,eL6jvVDAnlE,user,Мечислав,Белозеров,Викентьевич,True,1732,655323
3,bj9k4z6z@yahoo.com,S6WfLjig8r6^,user,Алла,Пестов,,True,5639,623205
4,kpclfmtkh@gmail.com,1Hs&hHPM,user,Зоя,Казакова,,False,,
5,остановить_горький_полоска@icloud.com,v3k4PS9eZO7G,user,Тит,Муравьев,Андреевич,True,2997,733990
6,xvjtf@icloud.com,VDPQ*v29^8,user,Григорий,Селиверстов,Исидорович,False,,
7,очко262@icloud.com,%jOOjUSDS2$,admin,Глеб,Куликова,Артёмович,True,4526,530482
8,написать572@yahoo.com,DUF!*pv2CJ2,user,Евфросиния,Пестов,,True,3887,898194
9,мелочь@yahoo.com,^SZO0SVkRvi,user,Иванна,Терентьева,Афанасьевна,True,8664,154800
10,металл_строительство@icloud.com,iS&8#t8Mt&6B,user,Агафон,Суханов,Викентьевич,True,3860,660174
11,brgfiac@icloud.com,gJv7mZQe5j#,user,Станислав,Быкова,,True,7162,804622
12,важный_славный@mail.com,NSDDVU@&!P5k,user,Спартак,Прохоров,Валерьянович,True,8918,610231
13,przqfwco@outlook.com,rOh$hsuoS!w,user,Наталья,Дмитриева,,False,,
14,ulb3im1w@zoho.com,XvD^2iP4VAX,user,Савва,Дементьева,Антипович,True,5627,272633
15,неудобно901@yahoo.com,W!pxBLv8bAz,operator,Дементий,Кондратьева,,True,6401,231826
16,fzibol1p@zoho.com,R^4PHAM8B,user,Наум,Воронцов,Адамович,False,,
17,точно135@protonmail.com,@DmsT9XT,user,Нина,Евсеева,Захаровна,True,2691,783036
18,qncd70cy@outlook.com,u$$19bqj$,user,Любомир,Семенов,Филиппович,True,7819,946250
19,gycbtwdj@gmail.com,jqVKUJd3hksO,user,Синклитикия,Мамонтов,,True,4429,713344
20,тревога_подземный@zoho.com,ZuiR2Y#o,user,Кирилл,Потапов,Дмитриевна,True,6139,926926
21,sd57gcud@hotmail.com,RL&U!pnf4s,user,Федот,Игнатова,,True,8097,992757
22,808udhqg@protonmail.com,*CKCdEC*F,user,Мир,Пономарев,,True,2358,768990
23,четыре_болото@icloud.com,n0B^oS42Y,user,Юлиан,Мартынова,Дмитриевна,True,9235,288327
24,xpqrw6fa@mail.com,ooP@c41GR,user,Ладислав,Игнатов,Феофанович,True,5563,641192
25,soxfp@outlook.com,K!Ueal$#aUo,user,Адриан,Гаврилова,Ефимьевич,True,9180,231941
26,карман_место@yahoo.com,8F0dj^HYHYf3,user,Арсений,Гришин,Гертрудович,True,8350,858392
27,me6ugc1b@icloud.com,YCyJo2c@,operator,Степан,Евдокимов,Иосифович,True,1195,274149
28,j0wbbic8@hotmail.com,ypiNVEGvh*,user,Ираида,Аксенов,Ниловна,True,5501,566562
29,юный792@hotmail.com,8Ilyg&97JRS,user,Варвара,Ширяева,Иосипович,True,2486,388827
30,миллиард@icloud.com,hnRc^xFFOk,user,Михаил,Кондратьев,Тимурович,True,1813,583849
31,ночь_идея_еврейский@hotmail.com,E2ToVh9^R,user,Лука,Казакова,,False,,
32,ihftrlm@yahoo.com,k*CK5pOS0vrN,user,Святополк,Борисова,Юльевич,True,2821,660913
33,rmepo4co@zoho.com,inO%yX$Ad*,user,Платон,Третьякова,Владиславович,True,2355,795527
34,угроза607@mail.com,wMF%DRRqVo,user,Стоян,Белоусова,,True,4717,205008
35,bkoehrm@protonmail.com,PXXJUvLV9jC,user,Милен,Алексеев,,True,8057,941346
36,flae6qdq@zoho.com,ou0zdM^^,user,Мстислав,Журавлев,,True,1948,912542
37,oy4x0xqz@zoho.com,9^1c3#Oh,user,Милий,Давыдов,Ильясович,True,7982,185341
38,белье@zoho.com,IG@rH9tz,user,Алексей,Самойлова,Юльевич,True,7635,605590
39,hx76g06r@mail.com,itoukS0XivPv,user,Михаил,Бурова,Антоновна,False,,
40,четко_аж@yahoo.com,vwmvgUdINZ,user,Таисия,Копылова,Брониславович,True,2503,261775
41,славный_пропадать_лететь@gmail.com,*9O5Mue7iIK#,operator,Измаил,Красильникова,,True,4244,795203
42,академик135@gmail.com,t0k2rj7Eo,user,Артем,Кириллова,Венедиктович,True,7149,104137
43,djcfvnt@hotmail.com,oknBTvDL@^,user,Анатолий,Сорокина,Яковлевич,True,4991,801038
44,ручей_налево@gmail.com,usCTJi2a,operator,Эраст,Маркова,,True,3258,557612
45,zvpjy5xv@protonmail.com,FyRajBaoY,operator,Кирилл,Вишняков,Святославовна,True,6444,393550
46,чувство@gmail.com,BWiN*cVvE,user,Гедеон,Никифоров,,True,9925,857094
47,налево439@protonmail.com,sEpUEgySII,user,Ия,Зиновьева,Филатович,True,8291,226503
48,vmgno@yahoo.com,m&qrxpHt*,user,Олег,Вишняков,Данилович,True,6151,392063
49,1z0lzoad@zoho.com,U#$9S*Fq^,user,Август,Боброва,,True,7063,369915
50,flipancxg@protonmail.com,M344w&vu,operator,Виктория,Белов,Андреевич,True,4063,404801
51,монета_прошептать@hotmail.com,YEC2F7o%Ft*@,user,Тит,Козлов,Федоровна,True,5222,123519
52,светило_тюрьма_советовать@mail.com,dn1pHtwwK@zB,user,Савватий,Евсеева,Петровна,False,,
53,пол@zoho.com,cYp7hlyxr*$b,user,Евстигней,Мартынов,,True,5772,244190
54,район@hotmail.com,yzgYmzDTI,user,Виссарион,Ситников,Аркадьевна,True,7114,781772
55,разнообразный_выраженный_теория@hotmail.com,Ew*pdCYQ$$,operator,Ирина,Орехова,Бориславович,True,6374,472769
56,похороны707@hotmail.com,EA5Rtyypyu@$,user,Модест,Сорокин,Харлампьевич,True,2128,816495
57,способ@icloud.com,oLW*^f#hz^,user,Спиридон,Белозеров,Альбертовна,True,1885,434532
58,дальний@icloud.com,XH1ncpsO,user,Аскольд,Кошелев,,True,2391,540709
59,вздрагивать_встать_невыносимый@gmail.com,*OcgdDRj,user,Светозар,Зайцева,Ерофеевич,True,8898,971346
60,похороны326@mail.com,jheQ7#^p,user,Афиноген,Никитин,,False,,
61,ведь@mail.com,88okn6^oSIlM,user,Феофан,Жданов,Якубович,True,8476,349301
62,нервно_тысяча@mail.com,JmUKUF8L,user,Потап,Громова,,False,,
63,udrlso@gmail.com,YC!sKISmbd7T,user,Викторин,Никифоров,Ерофеевич,True,2292,878693
64,тревога_полюбить_светило@hotmail.com,$rSWXsfB,user,Кирилл,Пономарев,Наумовна,True,6597,369664
65,грудь@outlook.com,x#ds8DFj$ET,user,Аскольд,Тихонов,Юлианович,True,1357,470282
66,ukmiu@yahoo.com,wvP$K5GnpL!,user,Дарья,Осипов,Арсенович,True,5050,737701
67,растеряться@gmail.com,u^X##dVU7,user,Никон,Муравьев,Ефимович,True,8383,568019
68,следовательно_болото@yahoo.com,k@G0cpNj,user,Клавдия,Беляев,Олеговна,True,8302,202703
69,ответить384@yahoo.com,ilr8EL1SvBD,user,Оксана,Кондратьев,,True,7032,817102
70,написать499@mail.com,A*Y%rW9sya*,user,Самсон,Денисова,Львовна,True,4012,997757
71,1ymz72dx@outlook.com,QYNkxhswk,user,Анжела,Уваров,Артурович,True,6580,731518
72,триста@hotmail.com,mb@&Kkyy^G,user,Варфоломей,Молчанова,Захаровна,False,,
73,зато_ленинград@hotmail.com,$6*M%Ng7L,operator,Ладимир,Красильников,Филиппович,True,1216,774107
74,интернет_изображать@gmail.com,eNA&eMyai,operator,Любосмысл,Князева,,True,7141,104506
75,xnrybpmi@protonmail.com,!F&G@tmKY4,user,Федор,Молчанова,,True,9576,144963
76,ffatgxcq@hotmail.com,xZPfXRRb,operator,Бронислав,Мельников,,True,5784,798242
77,товар_палата@gmail.com,*I$fsEJcF!,user,Ипат,Копылов,Максимовна,True,7517,137824
78,yuhqjjereq@outlook.com,%CG$Fz*A9F,user,Полина,Тарасов,,True,7939,260103
79,головной@gmail.com,j5%l0C9Ga6qa,user,Ульяна,Корнилов,Архипович,True,7841,876447
80,естественный245@gmail.com,NpA&^dj2E$,user,Ладимир,Федотова,,True,7648,629287
81,собеседник_развитый_валюта@hotmail.com,IkM8i8#ev,user,Ерофей,Соколова,Георгиевна,False,,
82,l0h0kbt6@yahoo.com,8AzSdiuBG,user,Аверьян,Пестов,Филипповна,True,6588,707927
83,ocop57k1@outlook.com,qiUWaizNrZ,user,Парамон,Владимиров,,True,6750,275418
84,дружно564@zoho.com,%C9IKW$reIr,user,Ипат,Голубев,Валерьянович,True,4178,678634
85,ngzyvv8z@zoho.com,f*W%Ca37,user,Алина,Никонова,,True,2021,212674
86,палка_мотоцикл@yahoo.com,c6HJrAEId,user,Егор,Муравьев,Филимонович,True,9328,645289
87,67o98mcw@protonmail.com,2bvZvqH$^!,user,Любосмысл,Кабанова,Егорович,True,5910,266130
88,тысяча_командир@hotmail.com,JqAdxlbyaJuY,user,Велимир,Зиновьева,Ермилович,True,8861,424503
89,вскакивать33@mail.com,Npy34NEmt,user,Сила,Кабанова,Харламович,True,5491,405405
90,миф_житель@yahoo.com,H!Frn4@aq,user,Рюрик,Александрова,,True,5661,738884
91,материя624@zoho.com,8xADc*h2,user,Дарья,Филатова,,True,7428,788186
92,tzuuxm@zoho.com,AlY@Bm1N,user,Леон,Голубев,,True,4698,256696
93,uarhlwyfeb@mail.com,35gQT3$mnk^,user,Мстислав,Степанова,Фомич,True,9138,522140
94,карандаш@hotmail.com,hVOOIPf6$2,user,Елизавета,Кабанов,Дорофеевич,True,9584,925303
95,8naeqo8b@icloud.com,Qs7!jRTx,user,Аникей,Носкова,Вячеславович,True,6563,624508
96,muatqbbbqg@hotmail.com,Yg1NyU#vv3Ps,user,Демид,Третьякова,,True,3892,957830
97,актриса619@outlook.com,RkSX0M4^i6,admin,Эмиль,Зыкова,,True,2872,277781
98,песня_соответствие@gmail.com,!5n#^#77,user,Осип,Коновалов,Владиславович,False,,
99,правый@yahoo.com,qG@6g@rXyFX,user,Ярополк,Громова,Валентиновна,True,7121,854375
100,3npw3ddl@icloud.com,*jrLYK5Zg,user,Илья,Власова,,True,5062,977792
101,команда_полоска@icloud.com,hBQ4Z1LbF@KY,user,Анисим,Калашников,,True,7367,735072
102,vnxllyahx@icloud.com,6ToyO&1WRe,user,Милан,Щукина,,False,,
103,степь_фонарик_командование@mail.com,Aja#kSfKnDY,admin,Поликарп,Титов,Ануфриевич,True,2380,442532
104,h4bvtm1y@mail.com,^LdgAKy%N79,user,Филарет,Русаков,Константиновна,True,2656,582040
105,демократия@icloud.com,xbQGS#HuW,user,Рубен,Дроздова,Филатович,True,7842,840028
106,наступать155@gmail.com,VA@832o^SM#n,user,Симон,Виноградова,Викторович,True,3651,661455
107,прошептать_свежий_чем@icloud.com,YAvOGTZF,user,Корнил,Маслова,,True,5010,782029
108,dlvk4bmi@icloud.com,&KJLLFBhUT,user,Борис,Королева,Жанович,True,1467,346506
109,bwmicgoly@hotmail.com,kVIFFdWH2,user,Тит,Савина,Болеславовна,True,9640,644970
110,pri5uzm9@yahoo.com,as13AT$uM#xU,user,Савелий,Дьячков,,False,,
111,pxsbmjnn@outlook.com,cQ%!#$@&d1o,user,Болеслав,Силин,Валерьянович,True,7378,597274
112,палата406@mail.com,tR93dy%ImZz,user,Арефий,Бобылева,Архипович,True,4961,109537
113,понятный_изредка_парень@mail.com,I8R11FIA5faF,user,Макар,Лукина,Кирилловна,True,1990,447377
114,owpjt@gmail.com,tvotkq1B,user,Вера,Хохлов,Станиславовна,True,1782,157120
115,тяжелый_недостаток@yahoo.com,UHjZlSqv,user,Матвей,Чернова,Федосеевич,True,1208,715688
116,rgiiib@mail.com,QJetCRwL,user,Конон,Ширяев,,True,5623,829655
117,освобождение@hotmail.com,d7W0DOsMS,user,Ия,Евсеева,,True,8643,521629
118,xyfklbp@protonmail.com,yutBPdQB4s,user,Тамара,Борисова,,True,7005,717872
119,отдел376@outlook.com,jS4xcwjv,user,Еремей,Шилова,Рудольфовна,True,7798,622465
120,rqliitl@gmail.com,h&bUpMDhqt55,user,Илья,Лихачев,Эдуардович,True,6316,213684
121,пропаганда_терапия_желание@gmail.com,3e6Xr1$&,user,Болеслав,Емельянова,Ерофеевич,True,7278,382970
122,hzww3ptg@protonmail.com,rO8nKBZ&#z1p,operator,Влас,Романова,Оскаровна,True,1065,404539
123,3k99006c@icloud.com,C@QLObYUFj,user,Анжела,Авдеева,Валерианович,True,5750,741584
124,qxqex@outlook.com,S$mDM9XfK,user,Радим,Шарапов,Львовна,False,,
125,исследование494@icloud.com,N1p8wHu@E,user,Валерия,Белозерова,Августович,True,1343,611348
126,xjjamcmp@hotmail.com,VlDK2L4K2MAW,user,Эммануил,Беляева,Еремеевич,True,5225,828071
127,затянуться631@icloud.com,DObcb2F@w0gz,user,Борислав,Дорофеева,Фокич,True,8022,939615
128,оборот_тесно@gmail.com,w#U!b7BZY,user,Валерия,Богданов,Степановна,True,7032,400441
129,b5hh38oi@yahoo.com,oSo05l!*R,user,Александр,Артемьева,Трофимович,True,8142,741619
130,9to9iq3x@yahoo.com,YS%Hb7wcw,admin,Евсей,Кондратьев,Гордеевич,True,2613,712539
131,премьера_сынок_висеть@gmail.com,Zkc@Wpiktw,user,Леонид,Хохлов,Захаровна,True,1332,437957
132,h5ulypyq@gmail.com,DhqCd#SBlt,user,Святослав,Волков,Фёдорович,True,3597,181791
133,прелесть782@gmail.com,@GKbFLPgfd3,user,Твердислав,Бурова,,True,1823,627512
134,pkcysyl@gmail.com,JDRODG0AbOeQ,user,Феоктист,Лаврентьева,Бенедиктович,True,1927,724628
135,аллея_порог_тусклый@gmail.com,Y9Bo@jTRAOt,user,Иларион,Беспалов,Ермолаевич,False,,
136,монета_при_через@zoho.com,#68oJ^JF9Bw,user,Гедеон,Щукин,Ильясович,True,5287,394870
137,потом886@hotmail.com,tC4ff686GC^,user,Ладимир,Блинова,Артемьевич,True,6868,521983
138,xgbkqv@protonmail.com,Zd!Php&gGs,user,Измаил,Соколова,Харитонович,True,5339,120257
139,призыв429@hotmail.com,1ftB6$YP,operator,Савватий,Аксенов,Дорофеевич,True,5033,258035
140,пространство771@outlook.com,GUR8rRHzIHK,user,Сильвестр,Пестова,,True,8340,443603
141,собеседник@mail.com,NhdRhpm@d,user,Таисия,Красильников,Анатольевна,True,7544,986006
142,спешить@yahoo.com,LkH437O0OR,user,Елизавета,Калинин,,False,,
143,bkvjiy@mail.com,Lxt0JGliOHF6,user,Юлия,Виноградова,Рудольфовна,False,,
144,523lmvtc@yahoo.com,*Q1QpS$5,operator,Евгений,Гаврилов,Феликсович,True,9953,167907
145,сомнительный_падать@hotmail.com,GXZzFTPZ^S*^,user,Будимир,Никонова,,True,5039,548166
146,vyouxbvm@outlook.com,AHQBRw!nGuo,user,Денис,Шарова,,True,8304,712258
147,dshtu@hotmail.com,V4!nC2j8wDUx,user,Милован,Павлова,Власович,True,1448,427028
148,настать@protonmail.com,w&9RRhcTX,admin,Нина,Никонов,Фёдорович,True,7161,165187
149,lf17xlx4@mail.com,Udd@e24ZDGWR,user,Валентин,Рябова,Ниловна,True,5532,684757
150,вывести@outlook.com,kIslE0P@4vI,user,Арефий,Дьячков,,True,4113,660065
151,достоинство_монета@outlook.com,G!3WePaV@r,user,Нина,Баранова,Архипович,True,9762,146067
152,hmatyqbva@hotmail.com,bsx#aaEND,user,Глеб,Ларионов,Вениаминовна,True,3521,858226
153,помимо_холодно@hotmail.com,&&P%x%cJ,user,Евлампий,Мясникова,Рубеновна,False,,
154,стакан_ответить@protonmail.com,aXUn6UYwh2,user,Дементий,Меркушева,,True,7044,285898
155,hyymxaq@protonmail.com,rFmvDfLS1JGc,user,Рюрик,Калашникова,,True,8077,670283
156,yhpwyhafpn@mail.com,k8&U&mfPPv8F,user,Евдоким,Соболев,Кузьминична,True,9952,472529
157,ssaxhmoex@yahoo.com,7yONCfAX2DJr,user,Трофим,Горбунова,Натановна,True,1515,930905
158,скользить279@mail.com,63tRAm*auG,user,Никанор,Абрамов,Кирилловна,True,9720,126288
159,ldokzbyew@zoho.com,I@bxtVmTUDJz,user,Август,Бобылев,Рубеновна,False,,
160,собеседник_изба_голубчик@outlook.com,g9T&3pt2P,user,Гедеон,Коновалов,,True,9316,482869
161,запеть_грудь@outlook.com,5N8YcN7UO0,user,Дмитрий,Игнатова,Ярославович,True,8561,127939
162,so56oa1r@protonmail.com,XalmOnSRiME*,user,Творимир,Лукина,Филатович,True,7715,538582
163,умолять_трясти@protonmail.com,!GPpIHxESb,operator,Евпраксия,Доронина,Иосипович,True,9943,534659
164,pvcbefwcb@zoho.com,#88vjeNmqZ,user,Илья,Некрасов,Даниилович,True,7462,851582
165,отметить733@hotmail.com,wKDbD$TDeLw^,user,Измаил,Евсеева,,False,,
166,nmpsjrr9@yahoo.com,@JzHm3AKi,admin,Изот,Евсеев,,True,9313,442964
167,bb2rtpfp@hotmail.com,gblw8nac,user,Фома,Федотова,,True,7087,400239
168,пропадать@zoho.com,h3bT07ojx0y4,user,Виссарион,Павлов,Феодосьевич,True,9048,836916
169,район_солнце_более@icloud.com,03GCHQgh,user,Гедеон,Бирюков,,True,1223,665218
170,ynhap2bs@zoho.com,qilUwarPP,user,Феофан,Горбунов,Болеславовна,True,5053,493813
171,ребятишки_оборот_приличный@icloud.com,r@ZD3heM,user,Всемил,Русаков,Фокич,True,3247,803995
172,rw7cri90@gmail.com,kVcKZxAp$W,user,Сильвестр,Ильина,,True,8248,990548
173,собеседник_ставить@hotmail.com,^G!Dd@g2Yd,user,Евпраксия,Куликова,,True,3116,837526
174,один@protonmail.com,p1dnPoz*,user,Вениамин,Блинов,,False,,
175,tumzcolgyi@yahoo.com,G1DMv08noi,user,Харитон,Тарасов,,True,1067,546411
176,cefzve@zoho.com,213xZRFxXU,user,Иларион,Громова,,True,5409,204470
177,пастух_пропадать@gmail.com,0D!zRxx*,user,Арсений,Лебедева,Еремеевич,True,6687,260747
178,о942@yahoo.com,bns11I6Ves,user,Екатерина,Мартынов,Жанович,False,,
179,lwdxms@hotmail.com,18IhghmtpSpD,user,Нестор,Большакова,Филиппович,True,1072,176655
180,плод270@gmail.com,uJTEoe8rhmas,user,Кира,Мясникова,Анатольевна,False,,
181,дошлый_развитый@mail.com,fjv%qaLH,user,Селиван,Беляев,Харламович,True,3777,101815
182,1ylja0wz@yahoo.com,y2GbGQ^EdO,user,Ефим,Захарова,Вилорович,True,6971,322626
183,поезд228@zoho.com,L1m#jO5P,user,Вениамин,Лаврентьев,,True,1444,290776
184,wopvyf@outlook.com,s0PoE^WUBSp7,operator,Радован,Ермаков,,True,6389,706814
185,ktqeichyr@hotmail.com,WPkLYhyuNlT,operator,Ладислав,Мясников,Павловна,True,5810,627058
186,миф_спешить@zoho.com,If@gWXg3tRJ,operator,Виктор,Бобров,Артемовна,True,1898,791314
187,научить@zoho.com,8LyvY!@jyh*,user,Людмила,Цветков,Елизарович,True,2036,400321
188,nhhob@icloud.com,$xC1fkhS,user,Фома,Афанасьев,Витальевич,True,1236,308849
189,ulznllbrgb@protonmail.com,TC&MP6Yg1,user,Егор,Сорокина,Харитонович,False,,
190,задрать44@zoho.com,&0#OIk0yXy,user,Милий,Быков,Герасимович,True,4149,662825
191,dmejibdp@icloud.com,EmQjy3Ck!6M4,user,Афиноген,Потапов,Мироновна,True,5978,474475
192,ed5rwg5w@hotmail.com,m*3c@rknqK!F,operator,Наталья,Гаврилова,Игоревна,True,9236,772394
193,спасть_славный_грустный@zoho.com,w$%ssBIt!iIZ,user,Герасим,Вишняков,,True,7335,943659
194,wzrjs@hotmail.com,H*F14mMOWWk,operator,Капитон,Михайлов,,True,1004,919567
195,jydda@mail.com,%OwHGc!Kc,operator,Мартьян,Устинов,Адамович,True,2049,216370
196,hcqerhz@protonmail.com,7#aqtcyF,operator,Евпраксия,Шубина,Георгиевна,True,5975,750586
197,x57yn1bl@icloud.com,vBca8OGWdO8,user,Надежда,Ковалев,,False,,
198,5mfu4l1d@zoho.com,SveMZWymS,user,Николай,Герасимова,Вячеславович,True,8578,679524
199,военный_магазин@outlook.com,9ZZ8FeDgos3,user,Мир,Буров,Николаевна,True,8479,417626
200,картинка789@gmail.com,WPrH%#xv*hj,user,Алла,Афанасьева,Харитоновна,True,4380,857388
201,вперед50@zoho.com,dt4HOIAvp@y,operator,Митофан,Романов,,True,3999,415324
202,освобождение_роскошный@yahoo.com,7qgl#lIJiY2&,user,Аникей,Мишин,,True,3606,316015
203,xp4ijkem@protonmail.com,iCWnWuFsHuvH,operator,Ирина,Киселева,,True,2397,975933
204,жестокий865@protonmail.com,8Rl4T$^eb,user,Лучезар,Тимофеева,Давыдович,True,6977,251838
205,evbpxrjhqv@yahoo.com,xWp%FB%S,user,Ксения,Горшкова,,True,3822,959377
206,дрогнуть_школьный_кпсс@outlook.com,uPuW9bo^M4*,user,Степан,Дроздова,,True,9841,547586
207,очко@icloud.com,y$SJai@Q,user,Ксения,Никитин,Кузьминична,False,,
208,b04b7a6g@zoho.com,0QEc8s#B,operator,Ерофей,Мамонтова,,True,2378,530797
209,металл105@zoho.com,CPrw$aXUB,user,Силантий,Жуков,Юрьевна,True,8833,800863
210,мотоцикл_манера_наслаждение@protonmail.com,Z%ihQPxQS%7G,operator,Вера,Муравьев,,True,9743,160210
211,w0fm22vw@mail.com,uDEw7$TjJX,user,Бажен,Самойлов,,True,9236,994773
212,xxtide@yahoo.com,S9i73gz&WH,user,Антип,Владимирова,Леоновна,True,6296,858181
213,школьный_командир_эффект@gmail.com,t*!Mr6jNYIqN,user,Кирилл,Суворова,Юлианович,True,1541,180847
214,задержать_господь_сутки@protonmail.com,!IH8@eCB,admin,Сидор,Субботина,,True,7961,671262
215,приятель@icloud.com,wLhnU!iG,operator,Пимен,Субботина,Георгиевна,True,3247,522835
216,поколение431@yahoo.com,yS7Ga%sbZA,user,Онуфрий,Елисеев,Леонидовна,True,9321,262116
217,cbzebqk@yahoo.com,fIdzc!$@,admin,Савва,Блохина,Леонидовна,True,6225,143522
218,wcnpei67@protonmail.com,#kGqGgw2FfGH,user,Карл,Фролова,Давидович,True,8526,470931
219,94r5ot5a@protonmail.com,0eoLJvB#HQa$,user,Моисей,Галкин,Фёдорович,False,,
220,художественный721@hotmail.com,KxmT*CC73IaW,user,Серафим,Беспалова,,True,5426,498156
221,1r8nvpzc@outlook.com,tw7w$Ga1gnW!,user,Пантелеймон,Смирнова,,True,6412,938090
222,jeqvj@mail.com,#@h$i$%iU^X8,user,Кузьма,Степанов,,True,5358,138678
223,tbgpph@gmail.com,ByMlHGQf*,user,Эрнст,Бирюков,Терентьевич,True,9135,612666
224,решение117@gmail.com,%*z37x5!UY,admin,Сергей,Карпова,,True,2186,700589
225,ynghuevy@mail.com,G5vpVuhXkJr,user,Борис,Исаева,Степановна,True,2609,629211
226,txckomssr@mail.com,U&og$tRUuZ,user,Иларион,Муравьева,Якубович,True,8799,560755
227,эпоха769@zoho.com,$cd3d^qNIg9V,user,Ираида,Носков,,True,6226,204120
228,z97g3f4h@outlook.com,bR*qarqMhAc,user,Федот,Мартынова,Васильевна,True,4143,838229
229,смеяться247@yahoo.com,^iD0xccK,user,Данила,Беляков,Давыдович,True,9849,669238
230,дальний@gmail.com,W&R#aPy&ci,user,Андрей,Сорокин,,True,7101,917733
231,экзамен_танцевать_грудь@icloud.com,rEik5thappN,user,Остромир,Миронов,Харитоновна,False,,
232,y5u1lws8@hotmail.com,0iG3cXTG,user,Игнатий,Соловьева,Филимонович,True,1767,465071
233,рис229@protonmail.com,BFueP&9ikA,operator,Виктор,Силина,,True,9275,135932
234,плавно@yahoo.com,mF8E5bUG,operator,Лариса,Пономарев,Фёдорович,True,4166,766663
235,запустить328@yahoo.com,G1SRn$lpl,user,Ярослав,Самсонова,,False,,
236,господь345@mail.com,*yU1UFFAZ4L9,operator,Егор,Соловьев,,True,6179,619317
237,услать_дрогнуть@icloud.com,Ap6cpu9H5Q,user,Бронислав,Лукин,Жанович,False,,
238,a5pnz2j9@mail.com,aAerfm^YZ,operator,Алексей,Александров,Валентиновна,True,2933,388540
239,мелочь504@protonmail.com,twrXEs#aLy0o,operator,Глеб,Веселов,Святославовна,True,7826,785841
240,4irb3mz4@gmail.com,MW1RTR8$%2,operator,Пимен,Петров,Васильевна,True,5209,653724
241,ccwgneot@gmail.com,KUa&j1YS!4,user,Таисия,Филиппов,Фомич,False,,
242,axjgtl26@protonmail.com,wu^0ptGe1lt,operator,Гремислав,Аксенов,Всеволодович,True,6525,705498
243,вряд_избегать@hotmail.com,uwBkCOz3*@a1,admin,Елизавета,Гущина,Вячеславович,True,8710,279590
244,место_похороны_страсть@zoho.com,u@ZTVsGV76t3,user,Фома,Орлов,,True,5870,610249
245,горький892@icloud.com,nA2ZMS8UzUN,user,Аристарх,Зыкова,,True,9596,705975
246,7vu01eg6@gmail.com,C%@*zXZY@,operator,Модест,Кондратьева,,True,1688,445701
247,rethicjtqu@gmail.com,b^E0k9&XIM,user,Творимир,Кононова,Викторовна,False,,
248,1s6ugb12@yahoo.com,NeFga&o0fcvG,user,Ярополк,Калашников,Рудольфовна,True,7576,438926
249,blielk@hotmail.com,4NoXla@mZ,operator,Нинель,Фадеев,Натановна,True,3911,915226
250,bfdb8o4u@yahoo.com,0LbU9^EUwmfs,operator,Авксентий,Фадеев,Григорьевич,True,1887,178895
251,горький_очутиться_совещание@outlook.com,q3D*tkCPL,user,Ираида,Савин,Макаровна,True,5568,483293
252,fvcxjn@protonmail.com,zwbQSRe5kfW,user,Рубен,Королев,,True,9846,515143
253,более_полоска@zoho.com,9QUVm!fY@dtM,user,Аникита,Тарасова,Жанович,True,1787,368472
254,пропасть_издали@mail.com,zHgp%Wux$Wg,user,Мирослав,Ларионова,,True,1307,799705
255,правильный_около@icloud.com,#qiHtH6@7,admin,Евграф,Кабанов,Афанасьевна,True,7372,302658
256,избегать_пропаганда@hotmail.com,IcRB%84SV,user,Таисия,Галкин,Ефимовна,True,9784,946259
257,lieiyfpmwr@hotmail.com,MaBOQ@Dv&b#v,user,Всемил,Лапин,,True,5810,116860
258,вытаскивать@mail.com,cQ@CJ3MqU9bx,user,Дементий,Карпов,Святославовна,True,4736,388512
259,koqnvw@yahoo.com,rM@jejHZEg,user,Марк,Киселев,,True,4096,329485
260,место@icloud.com,pKECkhz5Rh4Q,operator,Касьян,Петухова,Руслановна,True,2166,741308
261,vu3swf4b@mail.com,eG8s%uzGzUy,user,Елисей,Логинова,,True,8435,510557
262,ufkj27et@icloud.com,NSYZjZpv,user,Артем,Ершов,Тихонович,True,6254,970249
263,tkvkqfew@mail.com,lZV5nUZ8Bith,user,Юрий,Костин,Венедиктович,True,3449,805705
264,d2182cb7@protonmail.com,Fjhevg^G,user,Гремислав,Лихачев,Вячеславовна,True,2370,365898
265,tuxermmj@protonmail.com,DAwP136Qd,user,Ерофей,Блохина,,False,,
266,порядок_очередной_стакан@hotmail.com,ZLqy9uYAc,user,Петр,Беляева,Феофанович,True,9004,742394
267,4xe6osug@zoho.com,lQFEnQCKy,operator,Самсон,Кондратьева,Феодосьевич,True,9033,211978
268,выгнать_плод_рассуждение@zoho.com,1ZeXpz0xM,user,Леон,Гурьев,Зиновьевич,True,4938,965834
269,возможно_запеть_дремать@protonmail.com,vuHhN77Z5,user,Евдокия,Ефремов,Елизарович,True,5821,435651
270,uotpnqx6@icloud.com,7kJRrrgQ%L#m,user,Леонтий,Шарапова,,True,1866,590397
271,направо155@yahoo.com,xHVtiHMBHgHG,user,Станимир,Иванова,Юлианович,True,6499,381997
272,равнодушный241@mail.com,gHZS#kxO9TN,operator,Сидор,Денисов,Захаровна,True,4833,855874
273,wvtdytv@hotmail.com,BTtKuNeth^P,user,Ладислав,Соколов,Егорович,True,6876,378222
274,скользить@hotmail.com,qoeIt2E!Q53#,user,Прокофий,Боброва,Тимофеевна,False,,
275,механический@yahoo.com,M@3V!xJJMrl,user,Тимур,Молчанов,Геннадьевна,False,,
276,g52g1xwu@outlook.com,yrg103sP,user,Евдокия,Куликова,Германович,False,,
277,около@gmail.com,pPc67FD7,admin,Леон,Шубина,Теймуразович,True,2179,423887
278,znxk3psc@gmail.com,5XMo9nNkD,user,Денис,Андреева,Данилович,True,4221,313809
279,sv8hdz96@outlook.com,2PGPJOTBh,user,Устин,Фомичева,Гаврилович,True,9276,876338
280,посвятить_освободить@zoho.com,INVFNaas7Jv$,user,Ираида,Белов,Юлианович,True,6245,680585
281,приятель_упор@outlook.com,LhrNs2xMYj2,user,Флорентин,Чернова,Даниловна,True,4443,220109
282,naf301c9@zoho.com,ESg30rVCP,user,Автоном,Богданов,Давидович,True,1033,418553
283,vvzgbm@outlook.com,fpy2as7Jv99Y,user,Милан,Селиверстова,Вячеславович,True,4578,357050
284,эпоха_ручей@hotmail.com,6$ezVbn$vU*r,user,Сильвестр,Носов,,True,9244,758695
285,s07whx4a@zoho.com,dEVukgii,user,Родион,Никифоров,Вячеславович,True,5332,659424
286,граница@mail.com,tIeE2HOEeQ,user,Велимир,Захарова,,False,,
287,kfdzq@gmail.com,qYI5Unh6zE,user,Степан,Русакова,,True,3786,559740
288,видимо_головной_поговорить@icloud.com,JXsyKWGGD$A,user,Арефий,Андреева,Арсеньевич,True,5848,918491
289,motctsfrx@yahoo.com,5k&Zl$K79Dc,user,Людмила,Веселов,Матвеевна,False,,
290,наслаждение_реклама_нажать@hotmail.com,7ZE71DOEvA,user,Измаил,Виноградова,Иосифович,False,,
291,важный_команда_вообще@mail.com,gQkeuZUzG,operator,Будимир,Фокина,Феликсовна,True,8490,541455
292,uxcwknfk@icloud.com,IB8$aFqU,user,Леонтий,Тарасова,,True,4721,516601
293,зима_блин@icloud.com,mKk50vz3SCu,user,Ираклий,Лапина,Вениаминовна,False,,
294,1px7vza3@outlook.com,uYw2hx^GQQz4,operator,Спиридон,Лихачева,Адрианович,True,1422,151063
295,парень291@gmail.com,Lt!!fZU7eAw,admin,Тарас,Титов,,True,5537,248261
296,1msi1y8y@protonmail.com,piThlkHV,user,Сильвестр,Сысоева,Фокич,True,2249,184571
297,us6f2w46@icloud.com,Hekpsn42,user,Лукия,Галкин,Антоновна,True,1566,368534
298,правление359@hotmail.com,r5k#!!xRR^P,user,Мариан,Субботина,,True,4350,406332
299,bji3uftw@yahoo.com,YZZ0mI4M&87,operator,Эрнест,Маркова,Фомич,True,5278,679042
300,xlhrjuc3@hotmail.com,%pm5mvHr!LoH,user,Сидор,Королев,Ильинична,True,1737,260195
301,редактор@outlook.com,V^SJt%E92gm,operator,Устин,Кудрявцева,Тимуровна,True,3604,955549
302,пропасть@outlook.com,FaWQ$XBm@,admin,Радислав,Кабанов,Бориславович,True,1129,853851
303,ztnkxhyr@icloud.com,6E#afyGXXy,user,Валентин,Тетерина,Рубеновна,True,9219,108293
304,hvjihsvgan@gmail.com,U5#2mqMrq&H,user,Прасковья,Моисеева,Владиленович,True,9791,907037
305,а_приходить@mail.com,%FXtaS3oQj,user,Наркис,Жданова,Федосьевич,False,,
306,smybtrdna@icloud.com,%uS%X@aDVTe,user,Владислав,Лукина,Аркадьевна,True,4098,887087
307,832l628l@gmail.com,4eGGyqr0jS1,user,Боян,Шубина,Макаровна,False,,
308,7wwdg465@icloud.com,@YZ6sywdLnp,user,Вероника,Федосеева,Трофимович,True,3553,840381
309,мера_ныне_вчера@outlook.com,c3Kik9ZBOS,admin,Аполлон,Жукова,,True,6301,842540
310,пастух_правление_господь@protonmail.com,*lw55#k5ZD,user,Зоя,Шарова,Елисеевич,True,9267,485839
311,роса_ход@mail.com,hxC%sWXmVH#m,operator,Аверкий,Галкин,,True,7464,930064
312,другой676@hotmail.com,IxfpxWJ^,user,Викентий,Соловьев,Геннадьевна,True,2543,587333
313,gvsetb@gmail.com,DNTSq6#s2,operator,Порфирий,Рыбакова,Харлампьевич,True,8862,588233
314,находить_покидать@mail.com,D7%M5Kd$!j,user,Полина,Беляев,Димитриевич,True,9838,253413
315,wvuwxvuuy@gmail.com,FXG!RieJz0pl,operator,Наталья,Захарова,Федотович,True,6271,333621
316,juyfvzeo@mail.com,5i5jYA#cSL46,user,Герасим,Петухова,,True,6359,513673
317,редактор_угроза@hotmail.com,zM4VzAGAc5,user,Изот,Веселова,Аркадьевна,True,5815,656845
318,пища_спешить_витрина@protonmail.com,!^HFOQO5,user,Антип,Морозова,Вячеславович,True,7485,449815
319,столетие_мелькнуть@zoho.com,gwOplGy6$Pf,user,Савватий,Капустина,Иларионович,True,7236,709052
320,легко@icloud.com,InXf*jT7Gtg,user,Ким,Фомичева,Федосьевич,True,1316,612666
321,что_редактор@gmail.com,Wu1c5LFiwJx&,user,Екатерина,Романова,Валерьянович,True,6112,260101
322,3pvgv3x2@outlook.com,AydvVVSA&O,user,Светозар,Лукина,Юлианович,True,5911,302862
323,skthe@hotmail.com,Yafof*M2W7xP,user,Виссарион,Мишина,Архипович,True,8718,423174
324,hxoyqc@zoho.com,quo5#Q$UXBAu,operator,Христофор,Силин,Фёдорович,True,2937,452324
325,триста_решение_неожиданно@zoho.com,cef92vybW,user,Денис,Корнилова,Гордеевич,False,,
326,актриса_растеряться@zoho.com,AOMUH#%6,user,Исай,Носков,Ефстафьевич,True,3550,372283
327,лапа_какой_угроза@yahoo.com,OhzFgZ9$,user,Лев,Дементьева,Наумовна,True,5590,322844
328,orndqyh@outlook.com,IwFIGYi$&WIs,user,Любосмысл,Нестеров,,True,7837,238433
329,h4evtknu@outlook.com,n5iFyyLyL3zz,operator,Наина,Шестаков,Владиславовна,True,5929,225091
330,академик@protonmail.com,RLS^&ov@Ymq,user,Денис,Евсеев,,True,2078,344428
331,прежде_спичка@yahoo.com,XPJ1hFAy,user,Валентин,Смирнова,,True,4304,793169
332,результат_находить@zoho.com,2hxFo6DFD,user,Будимир,Моисеев,Иларионович,False,,
333,wus2cvpa@icloud.com,sMZfBZZbTEP,user,Исидор,Шестаков,Федоровна,True,9559,939972
334,набор65@outlook.com,Yx#EN*xJ4x,user,Аггей,Блохина,Анатольевна,True,6959,681100
335,cjnbsfe@icloud.com,RdpFubUe,operator,Валерьян,Мельников,,True,5321,908594
336,qdianshbp@yahoo.com,bK&l8O@6,user,Кондратий,Орлова,Денисович,True,4165,575251
337,тревога_тревога@gmail.com,h9cMq7y4ny9,user,Василиса,Панов,Терентьевич,True,1331,969873
338,за@zoho.com,IZ!pLlJq,user,Антип,Лихачев,,False,,
339,zhkodehm@icloud.com,Cln5syo4p1u&,operator,Еремей,Емельянова,Борисович,True,4183,449476
340,миф_крутой_ремень@outlook.com,kMZn&WoEh,user,Агап,Прохорова,,True,3410,204918
341,szmcdo@gmail.com,kmoMsQeeuRwd,user,Влас,Копылов,Алексеевна,True,9727,682249
342,qdzpdjcp@yahoo.com,w1QXEE7h,user,Ия,Воронцов,Ниловна,False,,
343,jwvx5h21@outlook.com,RWE*ZMoDSgQ,user,Андроник,Антонов,,True,4222,672833
344,awaxfxq3@icloud.com,Nq4s11Obvf,user,Викторин,Суворов,Виленович,True,6342,563177
345,запеть958@yahoo.com,U1Q7F1s4hZ,user,Леонтий,Щербакова,Макаровна,True,9509,708854
346,райком_банда_самостоятельно@gmail.com,KTlU9c&&Flg@,user,Творимир,Емельянов,Кузьминична,True,8653,136653
347,грустный@outlook.com,u%T2cvi&fsKD,operator,Аристарх,Романов,Алексеевна,True,2825,137147
348,vnkpbgpfer@icloud.com,C^W#bft%q#,user,Нестор,Моисеев,,True,2501,163304
349,dyykfa@zoho.com,C!h8vjhabX,user,Федор,Галкина,Ануфриевич,True,7121,377787
350,смертельный687@protonmail.com,DNeqFT49,user,Чеслав,Потапова,Тарасовна,True,4268,251544
351,мотоцикл932@icloud.com,r5PDVW2xKs,operator,Милан,Кулагин,Георгиевич,True,5516,813957
352,освобождение_командующий@zoho.com,I2yn2lF&,operator,Демид,Пахомова,Артурович,True,3862,368359
353,разнообразный@icloud.com,eqDDlZN*LAR5,user,Натан,Авдеева,,True,4671,772380
354,pkte60mj@zoho.com,0jw8k0dn&4J,user,Потап,Шарапов,,True,3240,124127
355,sh4hgozx@outlook.com,gCKFHy$s,operator,Андрон,Лебедев,,True,2989,163225
356,отметить_экзамен_коробка@mail.com,PdEbD75z,operator,Иван,Силина,Рубеновна,True,5964,893073
357,tlucueh@hotmail.com,x9xX4C4jcZWl,user,Зиновий,Игнатова,,True,3110,726754
358,степь_мучительно_через@icloud.com,65PcyYa*7kP,user,Нифонт,Суворова,,True,8954,610259
359,рот_редактор_дьявол@yahoo.com,by#wg9p!nvRQ,user,Прасковья,Быков,Филипповна,True,1414,689591
360,выгнать_теория_около@zoho.com,H#kXp%1u,user,Роман,Якушев,Валерьевич,True,6303,665213
361,x6bifx9c@mail.com,j91hk01Rnw,user,Гедеон,Соловьев,Мироновна,False,,
362,вперед_сутки@outlook.com,$wTCY8fL,user,Вышеслав,Шестакова,Валерианович,True,3950,233946
363,uoavoyvplb@outlook.com,5i8C5v5YJVnT,user,Сильвестр,Сидорова,Харитоновна,True,5771,340287
364,aavwgkyrvp@gmail.com,KYpL1@aiYtR,user,Федор,Федотова,Тимофеевна,True,2922,420050
365,iwtpki40@protonmail.com,1j5ZWxv!nd,operator,Валерьян,Власова,Филиппович,True,7874,899874
366,задрать148@protonmail.com,PRCHR0oF!,user,Емельян,Котов,,True,6046,129896
367,8a4fn154@mail.com,AxGnL@mb8i,operator,Порфирий,Афанасьев,Юльевич,True,4957,152038
368,wawobqssk@outlook.com,d!kdWFvoGp,user,Ульяна,Шубина,Яковлевич,True,3611,810051
369,командующий_пасть@protonmail.com,8b8%jMNeL$,user,Ерофей,Прохоров,Аверьянович,True,1112,943946
370,p067j25z@gmail.com,2z@RPIH6$x4r,user,Любосмысл,Комаров,Васильевич,True,5636,635741
371,gycsi@hotmail.com,3pDXO5XYp#!,user,Аполлинарий,Ефремов,Исидорович,True,2858,644317
372,строительство@hotmail.com,M1dQvXvWsI8p,user,Анжелика,Сысоева,Феофанович,False,,
373,привлекать83@yahoo.com,XIcj%X4I,user,Спиридон,Потапова,Геннадьевна,False,,
374,головной964@outlook.com,Vl5JdxfSyg,user,Юлиан,Шестаков,,True,8701,145070
375,877tixs7@mail.com,tMLYuVr3X,user,Аггей,Сафонов,Антонович,False,,
376,мелочь_выразить@zoho.com,Gf@$!sLjk@k,operator,Елисей,Соболева,Юлианович,True,2801,908769
377,yx21rda8@mail.com,qGi6b&@dxnwz,operator,Андрон,Федосеева,,True,4349,542372
378,перебивать_дошлый@mail.com,uP%@ACGld,user,Орест,Лазарев,Трифонович,False,,
379,lyxnyq7z@outlook.com,B3MHN@dqaAm,operator,Соломон,Уварова,,True,9556,689630
380,vt4dvrs3@mail.com,B%m*ic$uBi,admin,Роман,Павлов,Станиславовна,True,7275,942602
381,91f54z8d@gmail.com,5G!EH#g3b,user,Фотий,Богданова,Эдгарович,True,9078,182190
382,oscwk@hotmail.com,H4$arY#uV,user,Пимен,Суворов,,False,,
383,коллектив_деловой@protonmail.com,XZms#$McD,user,Ювеналий,Гурьева,,True,1754,543704
384,кузнец@mail.com,R$%zgt!Dd,admin,Адриан,Ермаков,Евстигнеевич,True,8946,487639
385,sn0n67mz@mail.com,tCjQ2HH%@$*G,user,Олимпий,Герасимов,,True,5864,624653
386,lwbe4dhs@protonmail.com,OPmxZ2e4lksb,user,Юлия,Логинова,Чеславович,False,,
387,ctqo3kpv@icloud.com,UiheJcww1lf,user,Марина,Орехова,,True,3808,125639
388,вчера_сбросить_карман@icloud.com,2Tz8NttMJYpL,operator,Ульяна,Носков,Федотович,True,8657,740239
389,палец@hotmail.com,I^z7xDqYbVUk,user,Савватий,Медведева,Артёмович,True,3196,793437
390,вытаскивать_расстегнуть_наткнуться@mail.com,WNW0o2#E7j,user,Михей,Евсеев,Терентьевич,True,9920,199138
391,21m6b2gt@hotmail.com,ai1y@X58p,user,Наркис,Самойлова,Валентиновна,True,2776,735067
392,azrlbbpjq@hotmail.com,$pmF@1As*BS,user,Велимир,Лаврентьева,Даниилович,False,,
393,смелый_за_прошептать@protonmail.com,aO0N00tybOi,user,Артемий,Прохорова,,True,4689,194395
394,evaonjpk@zoho.com,zFb1VwYxL,user,Кондрат,Некрасов,,False,,
395,опасность_интеллектуальный_похороны@zoho.com,Ox2zDcl$dWWu,operator,Алевтина,Крылов,Ануфриевич,True,2137,926517
396,wknhliueq@gmail.com,PpL1Ksz%j,user,Ефрем,Суханов,Игнатьевич,True,1249,742880
397,назначить215@hotmail.com,fjox1Szdnp,user,Гремислав,Королев,Степановна,True,2305,297103
398,господь_пересечь_запеть@icloud.com,%RN5#vPDrA9*,user,Аскольд,Кулагина,Кирилловна,True,6271,104204
399,упорно@yahoo.com,*t0OAK*9u&NJ,user,Ульян,Исаев,,True,3727,340956
400,валюта_падаль@outlook.com,T!wbQ%UoUX,admin,Амвросий,Панова,Захарьевич,True,8244,905756
401,возможно746@mail.com,dY!mziypt$2,user,Прокл,Бобылев,Харитонович,True,9937,779631
402,paldfqljh@gmail.com,6#noPPyf6noU,user,Евпраксия,Тарасов,Трофимович,True,5016,164227
403,вывести_проход@hotmail.com,E&74I3fx,user,Анжела,Сазонов,,True,5691,828793
404,1rvcltnj@yahoo.com,yNkPADXkW,user,Анна,Волков,Димитриевич,True,8559,619235
405,провинция_поставить@hotmail.com,gEnRnO%DR,user,Никифор,Щукина,Семеновна,True,6313,121594
406,myupu@hotmail.com,Vg0KL%E^x,user,Трифон,Терентьев,Болеславовна,False,,
407,протягивать_горький_полевой@protonmail.com,ibvJAlO^K7,user,Натан,Гурьев,Леонидовна,True,3712,199146
408,bjz5wpnr@protonmail.com,5JBTgxVp,user,Азарий,Герасимов,,True,5763,531725
409,плод_процесс_командование@yahoo.com,%wKrhfqtxZ,user,Панкратий,Маркова,Мироновна,True,2821,906714
410,июнь@icloud.com,^7^GxV@4n,user,Артемий,Евсеева,Давыдович,True,9728,700161
411,полоска_лететь_изба@mail.com,Go#IFAU7TO,user,Кузьма,Костина,,True,7546,833990
412,jji7oyy1@gmail.com,yyD32m6hH,user,Светозар,Белова,Евстигнеевич,True,7390,592031
413,vshltsdbt@hotmail.com,mdcdK#abQBjj,operator,Карл,Колобова,Викторович,True,3492,181266
414,pmnhc@zoho.com,BdqT1^XS3KBw,user,Семен,Мясникова,Вилорович,True,4799,861617
415,цель748@zoho.com,7wvD6Y%!XBI,user,Амвросий,Кошелев,Эдгардович,True,5828,643512
416,bk9nwzrn@zoho.com,z6v2V$@X,user,Тамара,Федосеев,Филатович,True,3441,953405
417,3c221j11@hotmail.com,2BusH9*Y,user,Савватий,Шилова,,True,8993,697656
418,остановить_сынок_некоторый@outlook.com,fedVJg64@Iy,user,Ипатий,Меркушев,Петровна,True,5346,137930
419,tdug4z7u@protonmail.com,Sw76RrI3B,operator,Любовь,Логинова,Архиповна,True,1365,699645
420,сверкающий_сынок@yahoo.com,FyAfu%1C,user,Мина,Куликов,Николаевна,False,,
421,указанный_миллиард_головка@outlook.com,P%sLOfuI#IIK,operator,Федор,Иванова,Давидович,True,4058,188073
422,равнодушный_прежде_лететь@icloud.com,QOSfDyCnpES,user,Нинель,Поляков,Филипповна,True,1541,963867
423,rzrjk1un@outlook.com,IvItgEqx2,user,Анастасия,Сысоева,,True,9966,297000
424,голубчик@icloud.com,COLZJXNt,user,Якуб,Давыдова,Исидорович,False,,
425,грудь_грудь@protonmail.com,pVn#&yEU7%,user,Вероника,Федорова,Елисеевич,True,7704,884957
426,добиться_командир@zoho.com,Wc!lQ45KteuH,user,Синклитикия,Кузьмина,Фадеевич,True,5072,734305
427,4lmb4i97@hotmail.com,rqMG$O5rXbVd,user,Иванна,Савельева,Дорофеевич,False,,
428,q3gor610@mail.com,!a@V00%Z5x,user,Валерия,Поляков,Михайловна,True,9273,902081
429,htw5xzio@zoho.com,5$17oh@X*,user,Влас,Дьячков,Трофимович,False,,
430,gvbufv@icloud.com,p7N3%5fG,user,Митофан,Казаков,Жоресович,True,6351,240997
431,rwsuphez@icloud.com,tv$8^hPlL7,user,Евпраксия,Мамонтов,,True,9328,559039
432,четыре@zoho.com,*#FghoP0,user,Владимир,Фадеев,Георгиевич,True,3589,301584
433,lqwju@protonmail.com,7k8cyYyY,user,Владлен,Харитонов,Викторовна,True,1400,835345
434,очко@yahoo.com,EyyUm93U7nm,user,Вениамин,Богданов,Архиповна,True,2828,268994
435,деловой@protonmail.com,TVdw2Odwv!,user,Герасим,Давыдова,Егоровна,True,7620,708233
436,избегать@yahoo.com,Mtg$NwH#v,operator,Варвара,Симонова,Германович,True,3897,538678
437,виднеться174@mail.com,$iiKW8oebj#,user,Трофим,Ефимов,,True,9249,247065
438,спорт408@hotmail.com,hL^LTt9uq,user,Руслан,Шашкова,Гурьевич,True,4636,951043
439,0j8gh9om@outlook.com,BYee!NVCT2*1,user,Всемил,Куликов,Матвеевич,True,6359,837658
440,xmlek@gmail.com,cB4xpJotGD,user,Соломон,Абрамов,Егорович,True,6871,255802
441,llwncexkha@gmail.com,Uc4F5h%CQJd,operator,Всеволод,Лазарева,Геннадиевна,True,8082,687757
442,xy0betc9@yahoo.com,Z!S!Xa&10ltv,user,Тимофей,Блохина,Валериевна,True,6133,892698
443,bgeub@outlook.com,5Og0fXH57,user,Ростислав,Федотова,Терентьевич,True,5325,696664
444,kbgh043i@yahoo.com,wkZWlc!^5$,operator,Остромир,Морозов,Изотович,True,9712,346594
445,ieryow@protonmail.com,kztTj@pt,user,Евфросиния,Кононова,,False,,
446,oqsih50f@icloud.com,VVO46sEf#,admin,Изяслав,Ермаков,Валентиновна,True,9274,314304
447,odmaqjq@yahoo.com,Dq#Yam%UO2,operator,Всеволод,Егоров,Ильинична,True,9823,719755
448,строительство_равнодушный_дальний@icloud.com,yv0tnbnUj%A,user,Лукия,Исаев,,True,1529,189329
449,хлеб@zoho.com,R@zJyw26C!r2,user,Агата,Гордеева,Вадимовна,True,4725,147532
450,скрытый@mail.com,w!GQ23hFr,operator,Маргарита,Александров,Валентиновна,True,3716,289815
451,роскошный337@outlook.com,U0LXBrt^,user,Селиверст,Аксенов,Артемьевич,True,9043,291194
452,d2qpl9pq@gmail.com,apS0eyACxC,admin,Иванна,Логинов,Филимонович,True,6147,159571
453,r63f84df@icloud.com,*@rtnESZO3xk,user,Эрнст,Голубева,Юльевич,True,3407,278759
454,rktsmskfyl@icloud.com,jNHzeUUGkHi,user,Панкрат,Архипова,Святославовна,True,3049,237884
455,noocgulp@zoho.com,PIzjdo8luc,admin,Радислав,Кириллова,,True,8732,704985
456,упор_налоговый_приятель@protonmail.com,20i^aW5%Aro,user,Маргарита,Михеева,Тимуровна,True,5020,103433
457,n7rmtiho@gmail.com,Dza2p!GA,user,Майя,Русакова,Эльдаровна,True,3493,510354
458,отдел@mail.com,nfEsZIzN7QM,user,Клавдия,Петухова,,True,9474,187725
459,изменение771@yahoo.com,uyHbevYxbB^,user,Амвросий,Осипов,Германович,True,1868,999396
460,степь_пропасть@protonmail.com,C%h@sp3@9CUq,user,Викентий,Евдокимов,Федосеевич,True,5736,219779
461,4uubhfhj@icloud.com,x^C6PknJ,operator,Изот,Дементьева,Алексеевна,True,3987,226487
462,строительство891@zoho.com,FpZw%YB96H!x,operator,Арефий,Блохин,Геннадиевич,True,6350,771417
463,ставить@yahoo.com,MjMHC3IOb,admin,Прохор,Матвеева,,True,6907,860612
464,даль_налоговый_дошлый@outlook.com,3bGa1twS!eg,admin,Амвросий,Соловьева,,True,6124,657161
465,pog3irzv@gmail.com,Az9MbNBbEU,user,Артемий,Федотов,Артёмович,True,2684,391547
466,vtftioven@yahoo.com,3$hTNMvZTp,user,Анна,Трофимов,Петровна,False,,
467,trcbowaadg@zoho.com,o7InsVsts,user,Илья,Лукин,,True,7526,174512
468,cd8qjvdc@outlook.com,jvAcYdvT$d,user,Данила,Гурьева,,True,3262,745312
469,валюта_помимо@yahoo.com,siqTt957#B,operator,Варлаам,Калинина,,True,9766,377163
470,палка564@outlook.com,h@FOL6!j&hd!,user,Гостомысл,Зимина,Юрьевна,True,7779,638222
471,j91mol2d@hotmail.com,yu^ZB@Hj,user,Терентий,Терентьева,Степановна,True,5895,252762
472,geowm@zoho.com,4oVAaC&viD5,user,Леонтий,Третьякова,Эдуардовна,True,4351,181261
473,kgwmc@mail.com,uoENmJ0Ffc,user,Юрий,Морозов,Якубович,True,8256,721934
474,выраженный@mail.com,Ek3Pc7#JNfp,user,Епифан,Чернова,Тарасовна,True,8931,594478
475,nlsvtpqaz@icloud.com,fsaxp*P*a3,user,Остап,Белов,Тарасовна,True,7496,491031
476,голубчик_холодно@zoho.com,RF%NPGFZg,user,Лора,Филиппов,,True,2272,279196
477,легко@outlook.com,Tx5VE7^ufCZ,user,Моисей,Михеева,Даниилович,True,7435,916394
478,2hg6up0y@protonmail.com,OlGseY3H,operator,Ферапонт,Панфилова,,True,7171,755689
479,ixfav@gmail.com,Y01i9ByKZf,user,Раиса,Рогова,Кузьминична,True,2275,392871
480,vxjoxwc@icloud.com,hkF@3F^N,user,Раиса,Орехова,,True,7103,482313
481,rdkghpxrlb@gmail.com,I9V5%A&yL69P,user,Болеслав,Копылов,Вячеславовна,True,4361,587297
482,потянуться352@icloud.com,UHd!1hRfz,user,Людмила,Белозерова,,True,9840,617003
483,wx9a19bu@icloud.com,#MRa%9SK,user,Эраст,Маркова,Вадимовна,True,3409,988186
484,вряд@icloud.com,KxMU2wrU6,user,Ипат,Абрамов,,True,6741,256613
485,j960eo9y@outlook.com,MRZaj&Q6Uwn,operator,Архип,Устинова,Викентьевич,True,8372,808810
486,idqrnabuxf@hotmail.com,yEdsnLN#e,user,Екатерина,Крылова,,True,4683,839993
487,дальний119@protonmail.com,&BRRJ@4&QXJ,operator,Николай,Мухина,Павловна,True,2422,416899
488,q215g8al@icloud.com,srMQkn@1Vec,operator,Юрий,Гурьев,,True,4806,846244
489,вытаскивать_багровый@gmail.com,teFQO#Gonr,user,Ананий,Давыдова,Макаровна,True,5328,810933
490,правление_факультет@gmail.com,vsHlwRJpcAy,user,Радим,Комиссарова,Устинович,True,2360,954972
491,аж_заработать_наступать@zoho.com,ARfbO!5X#p,user,Никифор,Агафонов,Феодосьевич,True,3475,345395
492,3a5hef8y@hotmail.com,@j5!N!I8&&GD,user,Евпраксия,Новикова,Харлампьевич,True,3780,305993
493,vh7z8gb1@mail.com,7W85Gpd99,user,Милан,Доронин,Ярославович,True,9865,205308
494,слишком@outlook.com,grLY8Q4CFa,user,Зиновий,Ларионов,,True,2959,967476
495,2dthuc4v@yahoo.com,CCvc6Jg!^,user,Федот,Зыкова,Венедиктович,True,1361,622414
496,болото@outlook.com,UsF3mV98k,user,Варфоломей,Титов,Феликсовна,True,9222,796451
497,покидать_беспомощный@mail.com,Eg@t#0mAsn,operator,София,Бирюкова,Ильич,True,3360,520901
498,трясти108@gmail.com,jifBZR1dQu,user,Олимпиада,Мишин,Ниловна,True,4479,911928
499,мелочь_забирать_зато@yahoo.com,Ob39ZRa9cNO!,user,Лукьян,Калашников,Афанасьевич,True,9676,306372
500,лиловый_темнеть_набор@protonmail.com,Sm7b2ALW,user,Антонин,Копылова,Яковлевич,True,2916,608326
501,ziobbet@yahoo.com,c#PfY28B0,user,Сигизмунд,Попов,Фокич,True,8751,798673
502,потрясти@hotmail.com,os!EWroOyoBu,user,Ладислав,Бобров,,True,9547,808046
503,невыносимый@outlook.com,haF!M!IyP*dl,user,Амос,Антонова,Захаровна,True,4603,642929
504,zzdgph@protonmail.com,GAcGT2$%rlVq,user,Иосиф,Осипова,Анисимович,False,,
505,kphloyjm@protonmail.com,cubKXqQ0H,user,Моисей,Крюков,Семеновна,True,8042,935180
506,thjxmxx2@icloud.com,kx!YHYn1q4,user,Агап,Куликова,Валериевна,False,,
507,safjssr@protonmail.com,$3m3OxnX7k,user,Богдан,Юдин,Ануфриевич,True,3510,492281
508,xwepynb1@hotmail.com,tG1wq5RE!o,user,Тимофей,Родионов,Валентиновна,True,6774,319026
509,лететь_спалить_тюрьма@icloud.com,Lg8X4YaJ,user,Лидия,Нестеров,Арсеньевич,True,9366,664675
510,бровь_сходить_освобождение@yahoo.com,euC20@8rGvE,operator,Евстигней,Кузьмин,Яковлевич,True,4041,360995
511,материя_кожа@yahoo.com,fZKv&u^oW&U,user,Вадим,Киселева,Вячеславович,True,1176,848149
512,легко_мимо_вчера@icloud.com,B^t#!^m9d,user,Герман,Рыбаков,,False,,
513,ygieuxh6@gmail.com,AOMAy54k6^,user,Амвросий,Никонов,Арсеньевич,True,7939,398472
514,беспомощный_наступать_роскошный@icloud.com,q@XtUQze,operator,Влас,Николаева,Ивановна,True,5996,465994
515,yxw9x1or@icloud.com,pX9Cg^qJTo5,user,Ратибор,Кудрявцев,,True,9725,859531
516,kj3cfykz@gmail.com,Rcyqb!R!rJag,user,Арсений,Колесникова,Ануфриевич,True,3103,359457
517,лапа_порода_человечек@icloud.com,ImXMYsvA,operator,Лукия,Корнилова,Антипович,True,2070,197214
518,неожиданный_социалистический@outlook.com,1xRTLdWEh2T,user,Гаврила,Козлова,Романовна,True,3556,295911
519,вскинуть@zoho.com,ytz45Ex7qtGU,user,Вячеслав,Васильева,Сергеевна,True,8606,765324
520,командующий@icloud.com,JsBTueOBIO,admin,Лука,Орлов,,True,5044,646836
521,картинка_прежде_торговля@gmail.com,VU2toySXyp,operator,Наркис,Архипова,Иосифович,True,8226,663555
522,стакан219@zoho.com,qaJ3#rt*iftv,user,Данила,Осипова,Яковлевна,True,7626,211015
523,clfmqgupuh@gmail.com,zT*3rC%tU,admin,Мина,Шестаков,,True,4883,459935
524,zwqhsikaz@protonmail.com,#V&n*lCNVsM,user,Пров,Бобылева,Леонидовна,True,7630,107952
525,ремень@yahoo.com,AipE7XVf,user,Евпраксия,Вишнякова,Богданович,True,5837,725470
526,поколение957@mail.com,YV8W6LMeI$a!,user,Иннокентий,Сазонова,Наумовна,False,,
527,мимо_ход@hotmail.com,CDfW3$sdvIfi,user,Измаил,Русакова,,True,8729,661671
528,иной_командующий@gmail.com,S1y805FgT8Zc,user,Виталий,Ильин,Давидович,True,7597,967041
529,egpeoodhz@zoho.com,Q92PyXswo6X,user,Евсей,Белозеров,Устинович,False,,
530,кпсс_достоинство@outlook.com,GHa61*EKw^t,user,Всеслав,Моисеев,Артурович,False,,
531,zzdujpgy@yahoo.com,cexY2yhz2h,user,Харлампий,Чернова,,True,2490,814442
532,перебивать_возмутиться_процесс@hotmail.com,JdSM@o4U3jh,user,Евгений,Горбачев,Евгеньевна,True,3525,943256
533,pxfv17j4@zoho.com,BeoyzrZbAt,user,Евграф,Носов,Степановна,True,2805,884214
534,умирать_войти@hotmail.com,s*QYsBcA%Z,user,Милован,Носов,Эдуардович,True,4290,720061
535,nzofnkrze@hotmail.com,e%sh@kJw40u,user,Мстислав,Смирнов,,True,1786,959294
536,db2bz3dm@yahoo.com,%!$qdYm#,user,Фадей,Кононов,,False,,
537,рабочий_висеть_естественный@outlook.com,zGkvM!ND,operator,Ким,Белозеров,Никифоровна,True,2525,425133
538,gulfqrcsn@icloud.com,3AzrizVpMB^,user,Кира,Гришин,,True,5039,126355
539,soucvhteu@mail.com,G8#8Z6nRILr,user,Арефий,Фокин,,True,3031,457078
540,kydqgw49@icloud.com,JB&DaPS4t,user,Валентина,Князев,Исидорович,True,9443,181412
541,проход_появление@protonmail.com,gz4r#94F,user,Игнатий,Сидоров,Зиновьевич,True,3104,338745
542,t47tntd2@icloud.com,*nKoMVIW,user,Аникей,Трофимова,Филимонович,False,,
543,дрогнуть_художественный@protonmail.com,jJKCHm@hrUU,user,Нифонт,Сазонова,Григорьевич,True,4610,186045
544,3gdztpns@outlook.com,wR$Eudf7L,user,Клавдия,Васильев,Афанасьевич,False,,
545,зарплата849@protonmail.com,GDqb7Q7K6Y,user,Всеволод,Козлова,Ерофеевич,True,1514,135303
546,ctcukcpw@hotmail.com,e7nBUuh3vv5,user,Руслан,Бобылева,Борисовна,True,2509,552656
547,экзамен_устройство_командир@yahoo.com,INEVD25yZBRs,user,Харитон,Котов,Венедиктович,True,3011,624034
548,ptzfhyooo@hotmail.com,ki!W3AVdVU0j,user,Олимпий,Князев,Власович,True,1929,188031
549,wxdvm@hotmail.com,KOY9#P!IRZUv,operator,Никон,Павлова,Зиновьевич,True,7067,604895
550,роскошный_мягкий_дремать@yahoo.com,xuegE#K5THS,user,Ермил,Молчанов,Архиповна,False,,
551,p7irtoql@yahoo.com,MAk*qr7MRm,operator,Всеслав,Третьякова,Филимонович,True,3944,861539
552,банк_руководитель_голубчик@hotmail.com,k$huyqYZWY^j,user,Радован,Гуляева,,True,8406,883223
553,jodtn@mail.com,HBvNnNQK#It,user,Антонин,Журавлева,Германович,True,7282,150817
554,славный_эпоха_бегать@zoho.com,r#5%*Gdbjts,operator,Куприян,Чернова,Измаилович,True,8164,660077
555,28n3buvh@outlook.com,HLWddZT#8mI,user,Устин,Колобов,,True,3644,248247
556,trmilqrw@gmail.com,*BN3iPDFx,user,Милен,Соколов,Харлампович,False,,
557,инвалид499@icloud.com,Fux!*C6j,user,Анисим,Суворов,,True,6797,551687
558,5hm9j4s2@gmail.com,3ZKAeKikg,user,Венедикт,Шарова,,True,1184,285649
559,jwixaewix@gmail.com,Q4EGs8Um2t,user,Изот,Евсеева,Антонович,True,6606,857332
560,посвятить980@zoho.com,F&wYVl%d#u,user,Доброслав,Пахомов,Валериевна,True,2382,783136
561,urfikurdxv@zoho.com,aAs59S1D%bms,user,Ян,Лыткина,Харитонович,True,8079,491506
562,возникновение180@icloud.com,f0VMgQHjL,user,Евлампий,Носов,Якубович,True,9323,508560
563,песня_заложить_рот@icloud.com,WXslq@ME,user,Валерий,Молчанова,Вилорович,True,9805,997404
564,jjczjf@zoho.com,Nc3riVE8,user,Наум,Евдокимов,Евсеевич,False,,
565,задрать_точно_вперед@mail.com,K5SX4KVvX,user,Осип,Зыков,,True,6824,516838
566,результат521@yahoo.com,AeDUmMIOyyw6,user,Любим,Власов,Олеговна,True,1180,394069
567,bvxg2xqo@hotmail.com,ckx!WbyVIal,user,Виктория,Маслова,Леоновна,True,5815,619932
568,6j1auqje@hotmail.com,MytDHEIX,user,Соломон,Большакова,Антоновна,True,4105,773478
569,j5a4grqg@zoho.com,uQB2tWtiiz,user,Аристарх,Ситников,Тихонович,False,,
570,vpgw9kld@zoho.com,S%G00YNCjBw,user,Эрнст,Сафонов,Чеславович,False,,
571,умирать_миллиард@icloud.com,jf9BVfmmQb,user,Спиридон,Филатов,Богдановна,True,9608,336130
572,падать828@gmail.com,j*7EW4e7OZkz,user,Елена,Морозова,Гаврилович,True,2597,342157
573,oviau@outlook.com,mkKeIzjhT,user,Исидор,Харитонов,Измаилович,True,1131,265455
574,d9hi2vxw@zoho.com,1D5Zv$*j,user,Владлен,Исаева,Гертрудович,True,9173,461510
575,серьезный@zoho.com,YDzAo&7$y9,user,Егор,Евдокимова,Ермолаевич,False,,
576,s9o5zvfr@zoho.com,@4j^j92ytVQ,user,Глеб,Корнилова,Давыдович,True,1964,928717
577,ltjtcxu6@gmail.com,RJhBnuhlw,user,Эраст,Пестова,Леоновна,True,5825,997297
578,fyaicyki@outlook.com,gGin8eh@cglF,user,Маргарита,Громов,Валерьевич,True,8510,190580
579,iivbr@hotmail.com,@PwK#d5jRaD,user,Аким,Силин,,False,,
580,1vtlvp5d@zoho.com,exctmvm2r,user,Акулина,Соколов,Сергеевна,False,,
581,висеть_гулять@protonmail.com,41hbMltaH,user,Нифонт,Агафонова,Иларионович,True,8098,552241
582,u330mfxm@icloud.com,J4QRRET*f,user,Радим,Филиппов,Чеславович,True,3382,513653
583,1dvm4rtf@outlook.com,mdIZKKKM2d,user,Симон,Турова,Всеволодович,True,4597,543516
584,9kipjato@zoho.com,hRbg@hknwmZs,user,Иван,Соболев,Ерофеевич,True,5509,869269
585,невыносимый_да@outlook.com,o4%ucB2TW,admin,Панкратий,Анисимова,Михайловна,True,6047,120035
586,изба_мрачно_каюта@hotmail.com,Jh5wrX$Hf,operator,Анжела,Быков,Валентиновна,True,8197,149302
587,losasiidx@mail.com,RwscoV1V,user,Захар,Пономарев,Давыдович,True,4077,987692
588,адвокат@mail.com,sv^5$ZittUBY,user,Стоян,Мухина,Григорьевич,True,6219,794109
589,столетие@hotmail.com,x4kvketI,user,Мария,Уваров,,False,,
590,уничтожение_разнообразный@yahoo.com,dvt@DppV,user,Никифор,Шестаков,Жанович,True,4358,616419
591,заплакать_горький_вытаскивать@icloud.com,C7MS1jP#,user,Трифон,Евсеев,Ааронович,True,4660,742935
592,естественный@hotmail.com,F&3*Cl%#,user,Клавдия,Романов,,True,2401,705842
593,gyxnl@outlook.com,RaSaXf!^EH,user,Творимир,Королев,Артёмович,False,,
594,khkgaqnhzm@yahoo.com,5CLUHkG#,operator,Федот,Лазарев,Феоктистович,True,6397,338009
595,lcfnp@hotmail.com,!oPpGap!Yzn,operator,Бронислав,Григорьева,,True,6368,712806
596,f2lqbd2j@zoho.com,acJbuvpyYrE,operator,Феврония,Одинцова,Натановна,True,7495,246626
597,скользить_естественный_аж@yahoo.com,Vd!nVxaC,user,Ульян,Захарова,,True,1506,781468
598,левый_жидкий_плод@zoho.com,xhFQ#K7G,user,Алевтина,Красильникова,Иосипович,False,,
599,пространство242@gmail.com,j9U5R2iY*rVG,user,Аверкий,Муравьев,Макаровна,True,9599,698890
600,owpnz@yahoo.com,HTmMoxYm,user,Аникита,Третьякова,,True,4445,681668
601,фонарик_ставить_тревога@icloud.com,VWg$$2mIfJbw,user,Харитон,Николаева,Филимонович,True,7649,191878
602,покидать46@icloud.com,LtxK$lTh,user,Сидор,Гущин,Архипович,True,4038,103256
603,соответствие@icloud.com,v#mm#WoY%LN,user,Лазарь,Казакова,,False,,
604,эпоха@mail.com,CPrdYN5b,user,Тимур,Кулагина,Кузьминична,True,4974,668489
605,a712xxxq@protonmail.com,4fAYWlIAgKQv,user,Алексей,Якушев,Георгиевич,True,6025,600988
606,плясать_оставить@yahoo.com,RUvBDiI%7Ma,user,Лев,Романов,Викторович,True,7822,345332
607,мгновение_костер@icloud.com,WECfM*jE0d*1,user,Автоном,Андреев,Владиславовна,False,,
608,угодный_дошлый@hotmail.com,uCaTmj7BM*nK,user,Регина,Федосеев,Тихонович,True,5832,975296
609,jjt3yw5s@hotmail.com,^bEH#JJfa*n,user,Дорофей,Гурьев,Ивановна,True,6398,115738
610,пропасть@icloud.com,0W1tc*8zgJ4,admin,Евлампий,Соболев,Давыдович,True,4505,138415
611,bcqtpszxek@zoho.com,rRuBLxd%sAa,user,Кондрат,Рогов,Рубеновна,True,6654,857681
612,изредка_столетие_домашний@mail.com,#xTdVC%*FwG,user,Захар,Гусева,Герасимович,True,8247,949984
613,ложиться217@protonmail.com,FlWXeEnO!tO,user,Евграф,Суворова,Андреевич,True,7761,797736
614,rmqreqer@hotmail.com,o&8&tPa9sc,user,Аникей,Абрамова,Матвеевна,True,8415,105376
615,txh4figv@mail.com,z5Pptd$58x,user,Спиридон,Казакова,,True,2904,922326
616,yd5vrgi8@hotmail.com,M9S8HZXRx,operator,Эмиль,Киселева,,True,6739,958146
617,радость_миллиард_тесно@gmail.com,tUFjt#nReFv8,user,Модест,Дорофеева,Болеславовна,True,2655,566265
618,возбуждение_художественный_радость@mail.com,IkqlMKy9gJHy,user,Венедикт,Беляков,Кузьминична,True,1941,407628
619,nrjxkd@zoho.com,CJ8PZinC,user,Ярослав,Брагин,,True,4565,958902
620,граница@hotmail.com,sR!qs4dNH,user,Алина,Полякова,Яковлевич,True,6731,638313
621,крутой@zoho.com,b5sATxkQKm!,operator,Емельян,Селезнев,,True,1486,529253
622,dpeqfceroq@gmail.com,qNBA!wy2pB8,user,Нестор,Тарасов,Гаврилович,True,1668,996404
623,скрытый_четыре@yahoo.com,ymYP%MiSMb,user,Велимир,Лапин,,False,,
624,wq372ofz@yahoo.com,ZmYm0Cwl2OMU,user,Евпраксия,Баранова,Бенедиктович,True,2267,697681
625,s0nynygz@mail.com,F$V8y#6o,user,Максим,Кононов,Юльевич,True,4117,693418
626,применяться@zoho.com,%mi*4ENnR,user,Мирослав,Владимирова,Давидович,False,,
627,yx0o64dq@protonmail.com,DarOtMx&Fr,user,Каллистрат,Владимиров,Сергеевна,True,6675,205377
628,7p93c21k@yahoo.com,%ViV#w4rx9ok,user,Ерофей,Савельева,Гурьевич,True,5547,547996
629,гулять_каюта_бочок@gmail.com,!v4J8*1K,user,Потап,Михайлова,,True,3394,856162
630,6ah9g83p@hotmail.com,3g5xk$IOEXg,user,Юлий,Федосеев,Августович,True,9671,854113
631,kwkvprm@zoho.com,ftt%n1HvPG,user,Нинель,Белозеров,Гавриилович,True,7826,986493
632,wcnkq70z@gmail.com,ZqfxJ9SDNfv,user,Гаврила,Карпова,Олеговна,True,7380,502393
633,pst82hfr@hotmail.com,XaXApdbi1ay,user,Антонин,Котов,Архиповна,True,7971,835471
634,bzukiobk@yahoo.com,Y8DI1QIL,operator,Остромир,Богданов,,True,6090,949835
635,совет_правый_очко@outlook.com,wVuLQEot4P,user,Октябрина,Цветков,Владленович,True,7220,712946
636,mlkrggy@outlook.com,ei1hLia^IM,operator,Данила,Матвеев,Филиппович,True,6328,624796
637,vzhsak@zoho.com,4Rj*mJ#ee0,user,Фадей,Шаров,Юльевич,False,,
638,2eoo0zis@protonmail.com,g*FWKBuJJ,admin,Дарья,Агафонова,Алексеевна,True,3528,515337
639,нервно_спасть@outlook.com,NoEttTNP,user,Евпраксия,Федорова,Ильич,True,9551,920920
640,azsinzyqb@gmail.com,lIOQ0RLLG,user,Родион,Егорова,,True,6764,211845
641,услать@yahoo.com,DEze%mRuIDf,user,Клавдия,Комаров,Тимуровна,False,,
642,lwr0cbx4@zoho.com,K^Xzmi^v3#G,user,Ладислав,Доронин,Петровна,True,5149,386902
643,yxfhoaiy@outlook.com,^1CLY7hkJv,user,Митофан,Коновалова,,True,5055,587522
644,болото324@protonmail.com,o4TQ3*Vl7AZ,user,Корнил,Мухин,,False,,
645,vjqvknsj@yahoo.com,*jvx%n*TG,user,Митофан,Андреев,Иосифович,False,,
646,wmdq96rz@zoho.com,JR%ki!TO&0H,operator,Константин,Фокин,Германович,True,2039,491587
647,какой203@outlook.com,IWGeP#B4,user,Нонна,Носков,Владиславович,False,,
648,непривычный@protonmail.com,rwcukt$GNf,user,Януарий,Маслова,,True,1989,246587
649,похороны323@zoho.com,DQq$52uH,user,Бажен,Соловьева,Вадимовна,False,,
650,зима@zoho.com,0dnPfJLE#,user,Елизар,Зиновьев,Ерофеевич,True,9495,155383
651,u6adug6k@zoho.com,NU6e^W$@jjN$,operator,Мир,Крылов,Святославовна,True,9622,368420
652,cojsxhw@mail.com,#$r3QcMF,operator,Ярополк,Волков,Иосифович,True,9262,342553
653,wtxyerns@hotmail.com,Yp6GbIV#i0aO,user,Ипполит,Александров,,True,5103,684028
654,ogaiqjm1@outlook.com,faecas*8WE,user,Маргарита,Исаева,Филипповна,True,3783,303249
655,близко@gmail.com,3zBPY^RAx,user,Феофан,Орехов,,True,5527,881121
656,kqenzf@yahoo.com,qYF$x909B2VV,user,Елизавета,Николаев,Иосипович,False,,
657,p96wd97o@protonmail.com,^QXq51qL4vRz,user,Оксана,Беспалова,Владиславович,True,3386,452065
658,белье_выражаться@mail.com,jtq$J@re%z,user,Дементий,Соколова,Федосеевич,True,4244,668980
659,ifpsjqkrxu@protonmail.com,&zD5mhIFo,user,Эммануил,Меркушева,Арсенович,False,,
660,вздрогнуть@gmail.com,hYwJhSNdxKi4,user,Потап,Пестов,,True,7199,184682
661,призыв_господь@protonmail.com,Du##scCkK&U3,user,Ираида,Воронцова,Ильич,True,3626,246849
662,помимо@hotmail.com,iCgxCVFc7%,user,Евгения,Морозова,Анатольевич,False,,
663,uwgyn@mail.com,TtyjhB7oPG,operator,Харитон,Фомичева,,True,1373,283940
664,степь@mail.com,5E5Y#kuZnch,user,Владимир,Кузьмин,Рудольфовна,False,,
665,jmddihwxvj@icloud.com,Q2IdK&La,user,Якуб,Суханова,,True,5178,240407
666,еврейский@icloud.com,DWvBu7UpS@Br,user,Ипат,Рожкова,Святославовна,False,,
667,направо_выкинуть@yahoo.com,okU477vwZ,user,Федот,Крюкова,,True,3223,597727
668,zdw5ww2e@icloud.com,0Comnd7vv,user,Любомир,Коновалов,Рубеновна,True,5719,967978
669,ckr28rpe@gmail.com,ejXddVCW5aW,user,Константин,Давыдова,Валериевна,True,7938,587226
670,покидать391@gmail.com,aLCwKUuriu#i,user,Никифор,Филиппов,,True,8830,382484
671,eobyx8hs@outlook.com,oh7GA5Rd42e,user,Чеслав,Антонова,Ильич,True,6841,269799
672,ztzsp@protonmail.com,!zCZhRE*@nsR,user,Бажен,Белоусова,Эдгардович,True,9966,141331
673,танцевать@outlook.com,MQ1AxZM8,user,Афанасий,Герасимова,Матвеевна,True,5715,656212
674,hlcfhhzy@outlook.com,ZL#7@z$US1p@,user,Фрол,Одинцова,Брониславович,False,,
675,z4cs0uat@outlook.com,&0sbKRYU,user,Авксентий,Симонова,Ануфриевич,True,5350,677369
676,трубка_изображать_смеяться@hotmail.com,2GItPHYV62B%,user,Изяслав,Алексеев,Артёмович,False,,
677,потянуться@hotmail.com,0#exYvHp,user,Антип,Ильин,Константиновна,True,1632,889321
678,июнь_дремать_приятель@zoho.com,El$d8rLTElWt,user,Петр,Петухова,,True,5152,463506
679,klxgcoxrg@outlook.com,eeS9I^KIC%3q,user,Будимир,Селиверстов,Иосипович,True,5548,821322
680,febtvgal@outlook.com,n1p2Ucs^aO,user,Арефий,Овчинников,Исидорович,True,6735,501424
681,czt29j4z@mail.com,ADSxns%T8p,user,Еремей,Романов,Болеславовна,True,9295,973058
682,конференция_зарплата_поздравлять@protonmail.com,&n@@t7e2dG,user,Маргарита,Вишняков,Артемьевич,True,7128,777890
683,мусор@icloud.com,lvUJR@LdoW4d,admin,Герасим,Миронов,Эдуардовна,True,9299,968636
684,функция729@gmail.com,T19Jm^XVO,user,Болеслав,Ефремова,,True,5587,203392
685,opraeotdc@gmail.com,I7kCw7ajFYLh,user,Амос,Зайцев,Антипович,True,1818,127698
686,передо_зима@icloud.com,kk^OX0IT,user,Януарий,Кулакова,,True,7033,510140
687,волк_следовательно@protonmail.com,$!gHE$rDp6UK,user,Афанасий,Ширяев,,True,4369,845434
688,порог_реклама@mail.com,GSyV&cNmL5H,operator,Сократ,Голубев,Егорович,True,1444,171156
689,g4xotko8@yahoo.com,0vV#a*PN,user,Адам,Елисеев,,True,9221,292368
690,uefnx@mail.com,kXkUkf2NU*,operator,Мефодий,Фролов,Витальевич,True,5958,592101
691,nowemko1@gmail.com,gxJC0vPirV,operator,Борислав,Аксенов,Арсенович,True,2811,638134
692,anjset@icloud.com,badBQ&eg4S3o,user,Евгений,Дмитриева,Борисович,False,,
693,жить@icloud.com,x*I5ERu$g0H,user,Нинель,Соколова,Георгиевна,True,3155,979330
694,обида_налоговый@icloud.com,xm&L^b%&hH9,operator,Доброслав,Хохлов,Трофимович,True,6866,512289
695,конструкция_ремень@icloud.com,%EcxR*4vMx,user,Творимир,Новиков,Валерьевич,True,1592,775181
696,lpwk1okm@zoho.com,DbrGR^#U$#!,user,Лазарь,Фадеев,Кирилловна,True,5314,318269
697,5lg4kuyo@outlook.com,u7SL5V%y*l,admin,Станислав,Русаков,Ильясович,True,1395,587540
698,tijslpi@protonmail.com,ij*Z$vxG3C,user,Анна,Колобов,Викторович,True,8708,754785
699,ln0fdlio@hotmail.com,eo9XeAu@x&,user,Якуб,Русаков,,True,9204,987420
700,очередной_сустав_равнодушный@hotmail.com,xmfvtVkn,user,Симон,Шаров,Адамович,False,,
701,дорогой_кольцо_пропадать@zoho.com,%76yLaAhai,user,Ипполит,Максимова,Ефимович,True,3586,176486
702,larcvt@hotmail.com,q^2$O4WG8M,user,Вениамин,Киселев,Ильясович,True,3912,730480
703,xlzipergx@mail.com,1%ijtvBZ^U,user,Наталья,Ефремов,,True,5612,153048
704,ygxsdvri@icloud.com,j*#372L^2,user,Аникей,Тетерин,Артурович,True,1883,521071
705,uniixf@gmail.com,i3#edbE2C,user,Любим,Стрелкова,Даниилович,True,6798,376338
706,hscvmenj@hotmail.com,ILbhnqQis,user,Людмила,Дементьева,,True,7874,657829
707,роскошный630@mail.com,tgYltHU0,user,Лучезар,Константинов,Тимуровна,False,,
708,3ggy7c6g@protonmail.com,wa8u$Bsdv,admin,Фока,Родионов,Феликсовна,True,7175,303688
709,приятель249@mail.com,86l5Q%qvqPGi,user,Акулина,Прохорова,Феликсович,True,8350,633379
710,makwxoh@icloud.com,cL85nO&XKY1,user,Парфен,Исаев,Измаилович,False,,
711,ведь@hotmail.com,YUuXFLx8VMq,user,Элеонора,Матвеев,,True,2303,847267
712,mepsuoe8@outlook.com,!#IL3O19un3,user,Радислав,Сазонов,Елизарович,False,,
713,даль_полностью@yahoo.com,Er&pieCZ1,user,Ангелина,Антонов,Антонович,True,4536,908566
714,слишком_монета_теория@outlook.com,y0f$Az$M16!7,user,Владимир,Баранова,Наумовна,False,,
715,висеть_упорно_социалистический@outlook.com,mkzzZIxOo93u,operator,Азарий,Соколова,Федоровна,True,5065,992407
716,rchxwh@mail.com,05tr@Dmy,user,Валентина,Баранов,,True,1999,808680
717,mjpul2de@yahoo.com,ErSpjsoq,user,Лука,Галкина,,False,,
718,коробка@mail.com,gij^F&!ob6,user,Феоктист,Егоров,,True,2008,881183
719,nzocg@protonmail.com,j$xFSgtJ,user,Федот,Игнатова,Валентиновна,True,2952,624672
720,художественный900@mail.com,lZ^9Yi@^,user,Селиван,Самойлова,Григорьевна,True,5115,544497
721,блин180@zoho.com,s2b7JU%$b,operator,Святослав,Суханов,,True,3918,863439
722,dfa668p1@hotmail.com,TR8oHOWKy$#Z,admin,Лонгин,Белякова,Ниловна,True,2065,781573
723,смелый_невозможно@gmail.com,^qoNUio8B@3,user,Мокей,Агафонов,Львовна,True,5684,298620
724,мгновение@icloud.com,AmXVvuiy%lJ,user,Роман,Беляев,Леоновна,True,2417,439908
725,00qykckr@yahoo.com,63O@0Q^2R,user,Прокл,Зиновьева,,True,3107,389714
726,желание_предоставить@gmail.com,Jp#m7JqGwjzY,user,Леонид,Воробьева,Эдгардович,True,3129,743613
727,а@gmail.com,1AK0HNb8pM,user,Октябрина,Петухов,,True,9760,367330
728,v1ne3x9e@protonmail.com,##5v$yhU6hG,user,Зинаида,Фролова,,True,3931,196381
729,banjnppb@mail.com,Ur&oHwqf%,user,Валерия,Новикова,Захаровна,True,3542,571805
730,mlydpbcx@icloud.com,cm&qhuAb&,user,Светозар,Давыдов,Андреевич,True,3182,213602
731,выразить151@gmail.com,2YVt0Fg@$,user,Мариан,Меркушев,Трофимович,True,6929,226817
732,lkzmav@mail.com,rv9u*p0zjy,user,Афиноген,Егоров,Станиславовна,True,9579,145459
733,столетие_предоставить@icloud.com,K$nPmgSAS#M,user,Фрол,Афанасьев,,True,9685,153152
734,рота@mail.com,8y*3sH8NVGF3,admin,Наталья,Шаров,Евгеньевна,True,9140,971351
735,наткнуться439@outlook.com,9P8zPQ*yBWg,user,Мефодий,Маслов,,True,8321,286429
736,egwa9dro@protonmail.com,KEBjj0*zhK,admin,Майя,Белозеров,Яковлевич,True,5856,617876
737,анализ_ныне@icloud.com,V$0eTWGB,user,Кондрат,Федотова,Евгеньевна,True,3732,865571
738,человечек_набор_очко@protonmail.com,Rz2&Lkifv,user,Ефрем,Ильина,Гавриилович,True,4796,241255
739,подземный@zoho.com,r5QJGxQ%,user,Евдокия,Муравьева,,False,,
740,ярко_издали_расстегнуть@hotmail.com,Dl*Ad8yM@L4,user,Кондратий,Потапова,Ануфриевич,True,6299,786388
741,zhaodjt7@icloud.com,^@JNSPU*RdMg,user,Самсон,Колесников,Фролович,True,9651,171777
742,gtj8obbr@mail.com,JVP%L^Y1q7,user,Чеслав,Гришина,,True,5698,420602
743,мучительно_наслаждение@icloud.com,*bs*T6Pd%1,operator,Акулина,Орлов,,True,3204,806020
744,успокоиться88@hotmail.com,ko3plhqg4*v5,user,Мефодий,Буров,Эдуардович,True,5978,820103
745,lhlgz@gmail.com,kjSC8NPe3Iw,admin,Константин,Марков,Иосифович,True,7660,705657
746,пространство_приличный@icloud.com,hrpL6IQv*Ih,user,Тарас,Брагин,Феодосьевич,True,3955,268072
747,bdyuuiiu@gmail.com,DJPkr$pJl,user,Тит,Титова,Исидорович,True,1905,160011
748,протягивать@zoho.com,qNYCk1$rfwL,user,Аверьян,Князев,Брониславович,True,2268,233581
749,fqby5tv1@outlook.com,q&FCP&ho4,user,Самсон,Дроздов,,True,2633,706841
750,нож_жестокий_интеллектуальный@protonmail.com,ZFDy&Ia6OPJg,user,Октябрина,Фокина,Ермилович,True,7112,935385
751,lxkjfvz@zoho.com,jZYi24Yl2,user,Мстислав,Мартынова,,False,,
752,ogavgmdt@mail.com,zu2RhHQ6F,user,Юлиан,Кошелева,,True,7723,853549
753,pizgzxdii@protonmail.com,wwcMLCLysL9,user,Куприян,Королев,Ждановна,True,6428,902498
754,lhyhla@gmail.com,xht6Akb1b,user,Нина,Цветкова,Евстигнеевич,False,,
755,zjosxt@outlook.com,2ptayUpham@,user,Святополк,Агафонова,,True,6862,363186
756,dmqstu@hotmail.com,RAGYXjfG^n#,user,Акулина,Соловьева,Ефимовна,True,2619,561894
757,важный@outlook.com,*i&keSDUEapD,user,Эрнст,Савина,Бориславович,True,4664,166748
758,gcdkz@hotmail.com,EEVD5oExKN,user,Климент,Шашков,Харламович,True,4865,541304
759,блин@icloud.com,RGt0AH07Up,user,Елена,Авдеева,Александрович,False,,
760,пространство_присесть_отметить@hotmail.com,01L$WfQqr,user,Людмила,Воронцова,,True,8741,192823
761,frnp2psx@zoho.com,*0B7862ib#ku,user,Мартьян,Беспалова,Демидович,True,3843,109287
762,металл405@icloud.com,HA%Cdi07O&S7,user,Екатерина,Елисеева,,True,3325,247267
763,gngzsh@hotmail.com,H%az7w%Yq&,user,Агата,Вишнякова,Ждановна,True,7605,951812
764,фонарик@zoho.com,z@^yEOe@5Xw,user,Елизавета,Панова,Борисович,False,,
765,ygwduvy@gmail.com,$GrcqG@UHHHa,user,Аристарх,Лазарев,Геннадьевна,True,5738,267640
766,неправда@yahoo.com,xR4$HZFr,operator,Мина,Белякова,Ефимовна,True,3016,497845
767,5ovo9loo@icloud.com,zaNauHixkev0,user,Велимир,Лапин,,True,8479,629243
768,рот_заплакать_падаль@outlook.com,ORi%9EiooiL&,user,Святослав,Цветкова,Александровна,True,2503,103377
769,ofgfosz@gmail.com,!&Ko$m6NWz,user,Корнил,Давыдов,Денисович,True,7278,925733
770,вскинуть_вчера@outlook.com,BJZfWeNPZC,user,Филимон,Евсеева,Евсеевич,True,5184,568944
771,понятный@outlook.com,Ad1qH0uUe,operator,Устин,Жданова,Иларионович,True,2441,119568
772,rlfv6snd@mail.com,n7XlB747yYNx,user,Адам,Новиков,Васильевна,True,6932,526487
773,правильный_прошептать_второй@protonmail.com,hp4uXtK0M,user,Самсон,Молчанова,Виленович,True,5152,408059
774,миллиард_зато@yahoo.com,Lsl@WFVLodT,user,Марина,Чернов,,True,8794,216145
775,qwrofwrn@protonmail.com,FfWZMk4K*w,user,Федосий,Воронов,,True,7850,678207
776,интеллектуальный@outlook.com,gmuJ$giRQ,user,Вышеслав,Лазарев,Елизарович,True,9277,685494
777,направо@yahoo.com,yuuO0nQKYs,user,Влас,Жукова,,True,9032,964030
778,инструкция_сверкающий@yahoo.com,T2mYCqezO,operator,Лучезар,Павлов,Аскольдовна,True,6208,117898
779,космос280@gmail.com,4UmexH@y7,user,Милен,Веселов,Арсенович,True,2368,712624
780,зачем_художественный@hotmail.com,uI^*u7GFO&,user,Архип,Фомичева,Семеновна,True,7263,814737
781,rgqpszxudp@outlook.com,pN10PBu#9#,user,Радислав,Мельникова,Евсеевич,True,2152,898021
782,dfnhs@zoho.com,@*ZKyBeHa@N,user,Агата,Блинов,,False,,
783,при839@gmail.com,JxxEeXADV,operator,Вениамин,Богданов,,True,5914,654735
784,mxzjw@icloud.com,gqbt5nn4^,user,Демид,Виноградова,Егорович,True,4910,888467
785,выбирать_лапа_карандаш@icloud.com,^vyi%4UkW,user,Пров,Баранов,,True,3020,610328
786,правый111@outlook.com,dR$xtUBqOB,user,Кирилл,Борисов,,False,,
787,swdvl9zm@icloud.com,mJvSA9Zj,user,Ираклий,Попов,Трифонович,True,9389,457706
788,ijcnmgko@zoho.com,1t&sGgrA3^gt,user,Михей,Ситников,Даниловна,True,3470,995633
789,означать_парень_советовать@protonmail.com,AMOxj*SWL,user,Пахом,Овчинников,Германович,True,8329,172902
790,головка@mail.com,nZyV*keiCF,user,Изот,Титова,Афанасьевна,True,8680,824938
791,aabulcvh@mail.com,JXufI#S0hv,user,Прокофий,Чернов,Алексеевна,True,7165,590752
792,кольцо260@yahoo.com,sPPR0MnG#9$$,user,Валентина,Шилов,Ефимьевич,True,3501,995061
793,товар@icloud.com,lZ%wDset4nR,operator,Сигизмунд,Меркушева,Тимуровна,True,1056,192155
794,lsdxg@outlook.com,pJoUj2fJ1n,user,Надежда,Шарова,Феодосьевич,False,,
795,gjaepcqm@protonmail.com,Z*#OdKKeU2f,user,Ипатий,Суханова,Богдановна,True,5876,119504
796,joyhnop@zoho.com,6H@YVwGqRSi6,user,Гаврила,Власова,Тимофеевна,True,5819,348817
797,ezkpdobzv@icloud.com,oyw^ao!Sy,user,Геннадий,Иванов,Анатольевна,True,6558,226082
798,рот_висеть@gmail.com,0SBEiWAd,user,Аким,Дмитриев,,True,2363,581487
799,госпожа742@gmail.com,&jHfEgJzrM!,user,Клавдий,Мишина,Владиленович,True,4495,570563
800,sj3hmb84@outlook.com,@moQCRDDT,operator,Кир,Кузнецова,,True,9093,723649
801,izdhvqj@outlook.com,e8voItVl^,user,Анна,Федорова,Юлианович,True,7750,410236
802,htapt@protonmail.com,!ebApW7C,user,Арсений,Белякова,Гавриилович,True,2307,461572
803,монета_запеть@icloud.com,QZYooRfCk,user,Анжелика,Смирнова,Геннадиевич,True,3016,858599
804,usrnb7lr@hotmail.com,hbgHo%$w,user,Кондратий,Русакова,Терентьевич,True,5900,108199
805,плод@protonmail.com,K6dj*SDOP,user,Майя,Панфилова,Святославовна,True,3686,596774
806,sfnmblsd@gmail.com,qTae2kQP6y6W,operator,Нина,Соловьева,Петровна,True,6982,404455
807,mrqah@zoho.com,$Sh9k60BCh1p,operator,Нинель,Маслов,Львовна,True,1451,120523
808,термин_следовательно_бригада@icloud.com,HGrCOUTZEFkq,user,Семен,Медведева,,True,7046,906420
809,демократия811@protonmail.com,^QXQzU8Ap,user,Лонгин,Ильин,Демьянович,False,,
810,остановить_ягода_миллиард@icloud.com,rGnnyYY3w7O,admin,Андрей,Шарапова,Антоновна,True,1630,415590
811,пространство_изба_бегать@gmail.com,%kEAtQWdh,admin,Андрей,Громова,,True,5069,130363
812,правильный_соответствие_мусор@gmail.com,#&&XHghW4T0,user,Степан,Воронцова,Фокич,True,7816,909256
813,уронить_коричневый@mail.com,ShqK94wBkLr#,user,Касьян,Колобова,,True,5331,950274
814,эпоха_крутой_покидать@zoho.com,M022KD2C,user,Парфен,Белякова,Фомич,True,5784,359586
815,eahk5yn4@yahoo.com,RlYg!zo^5RH,user,Светлана,Моисеева,,True,1014,211638
816,muikv6om@icloud.com,yckL45i@t,user,Авксентий,Дроздова,Олеговна,True,5273,848150
817,миф_способ_покинуть@hotmail.com,wG7wU7b^5,user,Андроник,Якушев,Ефимовна,True,5080,468633
818,m54mq2tb@yahoo.com,sChAEVMNs,user,Мирон,Шубин,,True,2191,842436
819,kgbmlm@gmail.com,SU2@0JO%rd*P,user,Антонина,Корнилова,Ермолаевич,False,,
820,разуметься_назначить_термин@gmail.com,nUyEUKKPA,operator,Марфа,Гаврилов,,True,3966,204343
821,при837@protonmail.com,hr6KLghDsYu,user,Кондратий,Моисеев,,True,1947,875491
822,tyulq@zoho.com,NioYhKja,user,Кирилл,Доронина,Дмитриевна,False,,
823,более_армейский@zoho.com,@!IeC&Xq,user,Нестор,Козлова,Ильич,True,1002,522887
824,kfjwcqsrm@yahoo.com,r&DTzHi#B,user,Ананий,Архипова,Валерьевич,False,,
825,постоянный921@icloud.com,l#jk6afN$,user,Юлий,Кулаков,Ануфриевич,True,1855,322801
826,сверкать_белье@gmail.com,8F3ulDqW&XE,user,Карл,Котов,Мироновна,True,2112,207071
827,инфекция@icloud.com,l#WArOu94,user,Корнил,Рябов,Феодосьевич,True,5173,659745
828,lnfjtrif@mail.com,rW4KBu2Lr3Dp,user,Евстафий,Титова,,True,3891,695356
829,rzccexgs@hotmail.com,DZg6$mC5mx,user,Раиса,Архипов,,True,3342,828508
830,w5494lvd@hotmail.com,uVx24JX6ekKL,user,Федот,Громов,,True,7155,822134
831,радость@icloud.com,waO*U*@ihdT*,user,Лавр,Семенова,Данилович,True,4721,995664
832,четыре@mail.com,Ym2wFkNP@e,user,Наум,Шаров,Викентьевич,True,7800,871895
833,трубка760@mail.com,ehmC@MvL,user,Наум,Терентьева,Исидорович,True,7760,119235
834,спорт200@icloud.com,kgcTP^Rck,operator,Елена,Шестаков,Германович,True,7855,654750
835,fl4l5wh0@outlook.com,El2vPFSygl,user,Наина,Новиков,Викентьевич,True,3928,855475
836,l2eccq17@gmail.com,SJk&XMKUw0*W,user,Игнатий,Комаров,Владиленович,True,4165,315780
837,6v01du8b@hotmail.com,8u6fH5lmZD,operator,Лариса,Шарапова,Романовна,True,6386,449995
838,xgigorak@outlook.com,eFY%f5!MAZ,user,Матвей,Вишнякова,Абрамович,False,,
839,xdiaxiuv@zoho.com,5ftT%iDc5W6,user,Зосима,Блохин,Гурьевич,True,7028,468309
840,разуметься_избегать@icloud.com,EBA&^!EY6,user,Вацлав,Агафонова,Вячеславовна,True,3473,724762
841,qbw648j6@gmail.com,bveKAOVZEvxv,user,Никон,Потапов,Матвеевич,True,6828,880311
842,прежде_шлем_кузнец@protonmail.com,Fw6S535Bmlo,operator,Творимир,Суханов,Бенедиктович,True,1814,706762
843,dzja29rp@outlook.com,QsiTQCdO2eR,user,Александр,Меркушева,Феликсовна,False,,
844,7s5vw1fi@icloud.com,PXmD$ywp,user,Анжелика,Медведева,Валерьянович,False,,
845,yhijqdn5@mail.com,DjldV*w$0A,user,Борислав,Евдокимов,Игнатович,True,1290,507445
846,ставить_пространство_передо@yahoo.com,9MT!n#jdo,user,Юлиан,Сергеева,Матвеевич,True,9973,903950
847,q05fo261@outlook.com,VnsnEl%VHQh,user,Полина,Соловьев,Александровна,True,3833,890760
848,qn4352um@outlook.com,A&ruBCbx3,user,Татьяна,Шестакова,Викторовна,True,9010,844510
849,trx7kqea@icloud.com,2H8UUbJyPb,user,Пантелеймон,Большаков,Теймуразович,True,9714,625778
850,cjzpbhxwi@zoho.com,wIOY@PBd,user,Александр,Козлова,Ждановна,True,2663,612146
851,dzisrm@zoho.com,7kYRiPgnQG,user,Прокл,Данилова,,True,3237,225599
852,нож52@mail.com,0Fg5xCeH,user,Ярослав,Игнатьев,Харлампович,False,,
853,cuqqm@gmail.com,jlCwEvSgA,operator,Самсон,Волкова,,True,1800,194656
854,еврейский@protonmail.com,j!ZzkRGyjf,user,Савелий,Никифоров,,True,7444,946867
855,7y302uqr@protonmail.com,5k%pQcYoaBa,user,Матвей,Селиверстова,,True,1599,171816
856,a9vvmgkb@hotmail.com,M*Xvv1PwaH&,user,Кондрат,Гурьев,,True,4192,914044
857,пламя@mail.com,wceVwEc3y,user,Елизавета,Шашкова,Геннадьевна,True,6916,697553
858,что121@outlook.com,TUus45%MC,user,Мир,Бирюков,Елизарович,True,6412,258033
859,господь@yahoo.com,AnGNWWPt,user,Вячеслав,Князев,Юльевич,True,6937,575257
860,указанный_трубка@outlook.com,P*jzQM6y%*s,admin,Варвара,Меркушев,Богданович,True,4850,859679
861,0w6nxrok@hotmail.com,Yb5!s9wgP,user,Нина,Горбачев,Алексеевич,True,8848,282785
862,вскакивать@yahoo.com,O3^&HdP4Y,user,Чеслав,Игнатьева,,True,6094,823681
863,ioqrohj@yahoo.com,2jY$oIDMNzaD,user,Прасковья,Копылов,Валентиновна,True,9671,135581
864,дремать_означать_штаб@mail.com,c5WCT!vh,user,Жанна,Потапов,Ильинична,True,9130,603112
865,ход_рот@yahoo.com,h*lnFDHF%G,user,Мирон,Лыткина,Теймуразович,True,5881,520370
866,поезд289@icloud.com,iSUmzcqKzN9K,user,Екатерина,Филиппова,Вениаминовна,True,1261,900163
867,pabie@yahoo.com,zX6Zy%$r94IU,user,Виктор,Маслов,Германович,True,6345,974930
868,kcslgtz@hotmail.com,QMfpw0W0o,user,Зиновий,Некрасова,,True,2982,589119
869,u39mzq1y@hotmail.com,$*0wPS87ycL1,operator,Владилен,Сафонова,,True,8010,933278
870,палец_темнеть@zoho.com,B$FlMW*fe4,user,Лучезар,Моисеева,Гурьевич,True,5407,245805
871,интернет_услать@yahoo.com,d01KoESiL,operator,Дмитрий,Мухин,Венедиктович,True,6016,880417
872,8s9d8igc@yahoo.com,Cyh!6@epxrQ,user,Панкрат,Одинцов,Изотович,True,9847,423610
873,ojjtm@gmail.com,D36kGzfTz,user,Лукия,Лукина,Святославовна,False,,
874,настать_хотеть@protonmail.com,ftuG@*KP8pFr,operator,Григорий,Орлова,Натановна,True,1272,653424
875,xkihx1yl@protonmail.com,E1eP@ly7s1,user,Ульян,Королев,Эдуардович,True,2537,831114
876,gdgg1aw0@protonmail.com,XHD6GTH@Oh#,user,Тамара,Сафонов,,True,2818,787712
877,очутиться44@zoho.com,*iWFbe^$iM%Y,user,Симон,Муравьев,,True,3324,948192
878,заработать@mail.com,tT%aJgJS059,operator,Симон,Голубева,Степановна,True,1511,334207
879,iybwdg94@zoho.com,9i3!Tw^D4x,user,Сократ,Дьячков,Афанасьевна,True,4663,367685
880,umnlwka@yahoo.com,E7ePpemc#t,user,Сила,Мартынов,Вениаминовна,True,2118,402440
881,освобождение_четко_бригада@protonmail.com,E!@KkrmwV!,admin,Радислав,Назарова,Ильич,True,6670,364822
882,постоянный826@mail.com,Vr9jDE7rtxe,user,Лонгин,Шашкова,Арсеньевич,True,6885,698682
883,xngeq148@hotmail.com,afouT9KV,user,Конон,Антонова,Всеволодович,True,7784,858207
884,rdudoiguiw@protonmail.com,jcxRE&fpZ1,user,Иванна,Тарасова,Антоновна,True,3500,829867
885,w0jmkosr@protonmail.com,6uNhhruId44e,user,Фрол,Федоров,Романовна,False,,
886,9y3hrxdv@hotmail.com,GyAp1qFBeY0E,user,Лавр,Бобылева,Тимурович,True,5389,630502
887,zyacfkxpo@gmail.com,Ng*wa0^zQv,user,Тихон,Авдеева,Артемовна,True,5718,986932
888,домашний_командир@zoho.com,Pd^Br@SjO,user,Всеслав,Лихачева,Евсеевич,False,,
889,отметить_мальчишка_более@outlook.com,ew7$nIKr,user,Фёкла,Нестеров,Арсеньевич,False,,
890,сходить_серьезный@outlook.com,W&61l5qn,user,Анатолий,Миронова,Геннадиевич,True,5178,748073
891,rylg6umg@mail.com,h@iOwynnw,user,Фадей,Сафонов,,True,9906,249900
892,порог@icloud.com,Hmakgo$l,user,Христофор,Моисеева,,True,2005,537759
893,exrfxvx5@yahoo.com,3kW5*nyk,user,Милий,Гришина,,True,8135,501032
894,наслаждение@mail.com,$VWunYkLOp,admin,Нина,Ситникова,,True,4266,959094
895,темнеть_возмутиться@outlook.com,Tg2MCgF9CB,operator,Ювеналий,Лапин,Захарьевич,True,4093,348987
896,etan80pp@zoho.com,6BChT!M4I,operator,Элеонора,Алексеева,Афанасьевна,True,1248,238007
897,9m343qkx@hotmail.com,7f4ugjW4VO4,user,Феоктист,Наумова,Валентиновна,False,,
898,et8yfndi@mail.com,@hA*dDXen,operator,Андрон,Смирнов,,True,4797,900132
899,каюта_нажать@mail.com,zKFyUo3AS,admin,Валентин,Емельянова,Васильевич,True,2384,621694
900,подземный_горький_ученый@yahoo.com,AfLXt@2mdI,user,Иванна,Васильева,,True,3667,242058
901,редактор_миг@hotmail.com,^VqSexIvMfpI,user,Аггей,Тимофеева,,True,6215,215667
902,doascwy@hotmail.com,kXnB@b*5q,user,Милица,Суворова,Макаровна,True,4459,887294
903,doa292mx@yahoo.com,5QcRxFErA7,user,Вадим,Харитонова,Глебович,True,4364,360976
904,megmxurw@gmail.com,XxDltD2kn*I,user,Николай,Савина,Афанасьевна,True,2892,871879
905,3646sopj@zoho.com,kIHYg8GX%ykt,user,Ульяна,Васильев,,True,8853,684876
906,выдержать_печатать@icloud.com,F67JLtRY,user,Евдокия,Костин,Макаровна,True,7459,454644
907,90vgt6u5@outlook.com,9Ro5QtQ1Up,user,Орест,Якушев,Феликсович,True,6876,670500
908,потянуться487@zoho.com,OCrd8l7q,operator,Артемий,Громова,Тимурович,True,1342,735556
909,хозяйка@outlook.com,XI7amTIte,operator,Тит,Коновалов,Артемьевич,True,9008,936989
910,htu0jrcy@mail.com,Nay3^pNPN^u8,user,Исидор,Романова,Даниловна,True,5092,411530
911,расстройство_металл_возмутиться@yahoo.com,d935TMdO63CT,user,Тит,Соколов,Дмитриевич,True,8863,677395
912,потянуться@mail.com,JcJLVJ*uj,admin,Милован,Доронина,Кирилловна,True,7487,707416
913,слать_монета_голубчик@icloud.com,laTY*H$&Y,user,Агафья,Киселев,Игнатьевич,True,1417,708824
914,0sgkyhfc@yahoo.com,j6AvpG*dd!D6,user,Екатерина,Захарова,Рубеновна,False,,
915,ryuhycrqvf@mail.com,ToiWnEP*25,admin,Антонин,Тимофеев,Робертовна,True,2267,613322
916,jsztyqmzo@outlook.com,snZAVO4F3T,operator,Савелий,Сергеев,Тимурович,True,1950,951615
917,пространство_что_премьера@hotmail.com,0HPhz$GNiiVr,user,Севастьян,Лихачева,Давидович,True,4486,685672
918,7ap9imlv@protonmail.com,ebuhzilJ,user,Дементий,Сазонова,,True,4527,307873
919,тревога_тюрьма@mail.com,g%s69xpl^XhP,user,Парфен,Тихонова,Филатович,True,2172,970928
920,конструкция_следовательно_освобождение@protonmail.com,QwhiHzt^BD,user,Силантий,Уваров,Зиновьевич,True,3086,804676
921,запустить@yahoo.com,JIyMKPheUQBp,user,Ерофей,Вишняков,,True,3137,142173
922,vkjklqvjg@mail.com,VHWa5aq3,operator,Оксана,Карпов,Владиславовна,True,1881,743071
923,47w7paoa@icloud.com,M$qMr#&bR,user,Парамон,Носков,,True,8397,655976
924,приятель674@hotmail.com,Kf60%VwpyP#@,user,Ким,Блинов,Измаилович,True,7320,173841
925,издали@protonmail.com,sK&wGKds^l,user,Селиверст,Кудряшов,Александрович,True,3468,763776
926,наступать@outlook.com,wpf8i4x@!du4,operator,Милован,Антонова,,True,9058,724859
927,народ853@icloud.com,f!Vc1PEze^c,user,Андрей,Родионов,Святославовна,True,8289,103170
928,низкий_рай_чувство@protonmail.com,6I3vRmt$I8,user,Мина,Григорьев,Артурович,True,5719,118969
929,biyqf@gmail.com,RgG22qOKb,user,Евдокия,Лаврентьева,Вениаминовна,True,2050,149594
930,спешить_мучительно@zoho.com,ycQC!pWmttbk,user,Аполлинарий,Михайлова,,True,6887,896657
931,xnvyvdgn@mail.com,K6UivoLYo,user,Милица,Коновалова,,False,,
932,бетонный_присесть_витрина@yahoo.com,Q2s7dcAUn,user,Онуфрий,Колесников,Рудольфовна,False,,
933,c47h75v6@icloud.com,fH5G&!PEm,operator,Татьяна,Буров,Владимировна,True,9934,178020
934,солнце@icloud.com,9Jbc7B*@B,user,Мстислав,Тетерина,Жоресович,True,2639,354983
935,al1hfdeg@icloud.com,B7fUsEeOUqG,operator,Борис,Хохлов,,True,8853,162630
936,вчера@outlook.com,Me02k94YmScj,user,Георгий,Гаврилова,Павловна,True,3408,360301
937,r77hl53w@hotmail.com,Ov9wqBKD,user,Савелий,Данилова,,True,6489,948444
938,qtavmnau@yahoo.com,5y*^HTcET!,user,Любовь,Лукин,Игнатович,True,1150,976414
939,ленинград303@zoho.com,T@Lm0@7qCi,user,Ирина,Сидоров,,True,5128,452834
940,правый_похороны@yahoo.com,ToA6p1jZi,user,Амвросий,Артемьева,,True,3464,107833
941,легко_очутиться_горький@mail.com,%Mb%NXnv8,user,Аникей,Осипов,Ааронович,True,3099,614649
942,konhjc@gmail.com,d$jKopw!ZtW,operator,Елизавета,Никонова,,True,7119,665892
943,vrhxwrezr@gmail.com,O@sHEa!J,user,Венедикт,Гришин,Оскаровна,False,,
944,zwukypovfn@zoho.com,RW9iCEF$H,user,Лавр,Шашкова,Петровна,True,4530,692841
945,посидеть421@yahoo.com,I^E0NoRjrg,user,Леон,Мельников,Альбертовна,True,6745,771300
946,разнообразный_рота@icloud.com,fqnT2&tT,user,Ким,Горбачев,Натановна,True,2835,536908
947,r8jj9i4y@hotmail.com,!0AuU%#Ku,user,Николай,Рыбакова,Антонович,True,3276,800855
948,правление_зима_около@gmail.com,8Vp*KeO@d@1,user,Добромысл,Борисов,,True,9558,532641
949,zyuwmm@icloud.com,5e7M@a&m,user,Станимир,Осипова,Бориславович,True,3539,268829
950,criobwcf@yahoo.com,Zv^R*GD!*,operator,Флорентин,Агафонов,Юлианович,True,3636,446026
951,бетонный_мусор@zoho.com,i$jRXmYC8,admin,Никифор,Ефимов,Валерьевич,True,2464,964694
952,командующий342@mail.com,^3F7KEZvE,user,Дорофей,Евдокимов,Даниловна,False,,
953,посвятить_каюта@outlook.com,o8&0SjQ4,user,Федот,Данилова,,False,,
954,домашний921@gmail.com,To$F8%Vfxb,user,Анжелика,Юдина,,True,4642,344812
955,gwbjvuz2@protonmail.com,*1zyh16i@o4,user,Юрий,Анисимов,Аксёнович,True,5478,147967
956,rkkgje4l@icloud.com,xPrLoVWxGHK,operator,София,Брагин,Гурьевич,True,3027,957282
957,самостоятельно_приятель@hotmail.com,fu%!x&%8XJS,user,Трифон,Лихачев,Евсеевич,True,8195,284331
958,wft55a05@icloud.com,DsPb^DPg@A,operator,Сила,Терентьев,,True,3617,755025
959,safieuqif@outlook.com,AjYbv#^@UB,admin,Леонтий,Цветкова,Тимуровна,True,6097,434363
960,бабочка_соответствие@hotmail.com,9MIpnxzmh%m,user,Милий,Молчанов,,True,2432,256453
961,cgxcoo3a@yahoo.com,WR^qSXrN00,user,Эдуард,Рябова,,True,9285,558626
962,головной_посвятить@yahoo.com,OxheFho&s4,user,Наум,Дроздова,,True,8064,552072
963,jimghjo@gmail.com,33GO5Km3FE,user,Игорь,Васильев,Анисимович,True,8471,928394
964,rodnlfkf@yahoo.com,aJOb#DVy,user,Данила,Пестова,Антоновна,True,9858,880500
965,slemtb@icloud.com,Di*ksPxY,admin,Фадей,Носова,,True,2791,159698
966,результат_иной_умолять@icloud.com,as1yzWVr#24P,user,Евдоким,Молчанова,,True,3078,697160
967,xarvu@yahoo.com,72i@kAifq%,user,Ростислав,Алексеева,Романовна,True,8752,587737
968,редактор_отражение@yahoo.com,SFwHldcIskFH,user,Эмиль,Тимофеев,Вячеславович,True,1102,485467
969,qshrhgvub@icloud.com,m6kCzW%iv,user,Амвросий,Ильина,Федосьевич,True,1672,291001
970,yy3l40qt@zoho.com,pfYn%txMi#,user,Автоном,Анисимов,Эдгарович,True,4288,738261
971,ботинок_шлем@protonmail.com,h3QH^HYAeFLJ,user,Ратибор,Кабанова,Ефимович,True,2585,561872
972,способ_левый@yahoo.com,#OODEchE,user,Ярополк,Самсонова,Эдгарович,True,4905,882564
973,дальний13@icloud.com,m3dnSVxqcM1,user,Савватий,Жданова,,True,2951,242536
974,xelcl@outlook.com,JOvrLc9yz8,user,Майя,Белозерова,Фёдорович,True,7010,438075
975,b3c596r1@zoho.com,U#&hF#KlLNf3,user,Панкратий,Вишняков,Георгиевна,True,6834,843573
976,4irpzfds@icloud.com,%v9Dmn%!xf^W,admin,Борис,Суханова,,True,6566,463795
977,князь@protonmail.com,q8^E*v7hgOC,user,Марк,Гришин,Архиповна,True,8860,497217
978,fzpoxrdn@yahoo.com,R4Fy90SOC,user,Сильвестр,Давыдова,,True,2709,951243
979,тюрьма_вскинуть@icloud.com,Se0wZpy@sA,user,Валерия,Морозов,Романовна,True,7743,499698
980,пропасть@zoho.com,X8OoVi2w,user,Мирослав,Маслов,Феодосьевич,True,1649,774310
981,fchgwjbe@yahoo.com,Pv&%2Meg#EI,user,Корнил,Титов,Валерьевич,True,3205,995783
982,dqdea@icloud.com,mz#yE86K,user,Матвей,Мартынова,,True,4217,338704
983,0b3v0543@hotmail.com,&Ygb!LQ4,user,Фрол,Белов,Адамович,True,2734,939332
984,hqubvdpsdd@gmail.com,SI0NgcZa,user,Афиноген,Анисимов,,True,6230,815980
985,сынок@outlook.com,6sZUlE!n5Swe,user,Мирон,Казаков,Афанасьевна,True,9335,919561
986,терапия_роса@hotmail.com,qDP4^u3&$tZt,user,Натан,Филатова,Федоровна,True,1617,561246
987,жестокий_экзамен_около@outlook.com,mz7RF%$pi,user,Август,Кабанова,,True,4006,616883
988,db1565ct@yahoo.com,E7^ib&2h3^f,user,Исай,Ширяев,Артёмович,True,6633,137486
989,ibwsv@mail.com,o$Nb@N$lv,user,Мина,Константинова,,True,9241,942520
990,аллея412@protonmail.com,R3u&oSEI4Cd2,operator,Милица,Миронова,Ильич,True,1514,529120
991,домашний@protonmail.com,8qySagZ0Ba,user,Федор,Меркушева,Ивановна,True,3475,337632
992,более@gmail.com,AQSllF0jc,user,Всемил,Якушева,,True,1797,895626
993,бак_развернуться@protonmail.com,yIxTU6lmwFJH,user,Роман,Белозерова,Ярославович,True,1571,647004
994,5hc10cne@zoho.com,bALC!TYv,operator,Аверкий,Воронцов,Антоновна,True,3860,348377
995,ягода815@protonmail.com,USAbPU23,operator,Радислав,Шилов,,True,8304,949207
996,крутой@outlook.com,MgbMv@^kyx,user,Аверкий,Тихонов,Филимонович,True,4635,822643
997,hpdb1g0t@outlook.com,K@9^#HYcl,user,Ангелина,Копылова,Харитонович,True,8726,953655
998,юный290@hotmail.com,545fvM8$%Z36,user,Евлампий,Кузьмина,Андреевич,True,3590,714777
999,витрина_конференция_покидать@gmail.com,MwnMtW1oV,admin,Гостомысл,Киселева,,True,7585,122945
1000,dbejk@gmail.com,DUlpguK*d,user,Артемий,Панов,,True,2367,445529
